Index,Name,Species,Height,Weight,Ability,Hidden Ability,Catch Rate,Catch %,Friendship,Egg Group,Male %,Type
0001,Bulbasaur,Seed Pokémon,0.7,6.9,Overgrow,Chlorophyll,45,5.9,50,"Grass, Monster",87.5,"Grass, Poison"
0002,Ivysaur,Seed Pokémon,1.0,13.0,Overgrow,Chlorophyll,45,5.9,50,"Grass, Monster",87.5,"Grass, Poison"
0003,Venusaur,Seed Pokémon,2.0,100.0,Overgrow,Chlorophyll,45,5.9,50,"Grass, Monster",87.5,"Grass, Poison"
0004,Charmander,Lizard Pokémon,0.6,8.5,Blaze,Solar Power,45,5.9,50,"Dragon, Monster",87.5,Fire
0005,Charmeleon,Flame Pokémon,1.1,19.0,Blaze,Solar Power,45,5.9,50,"Dragon, Monster",87.5,Fire
0006,Charizard,Flame Pokémon,1.7,90.5,Blaze,Solar Power,45,5.9,50,"Dragon, Monster",87.5,"Fire, Flying"
0007,Squirtle,Tiny Turtle Pokémon,0.5,9.0,Torrent,Rain Dish,45,5.9,50,"Monster, Water 1",87.5,Water
0008,Wartortle,Turtle Pokémon,1.0,22.5,Torrent,Rain Dish,45,5.9,50,"Monster, Water 1",87.5,Water
0009,Blastoise,Shellfish Pokémon,1.6,85.5,Torrent,Rain Dish,45,5.9,50,"Monster, Water 1",87.5,Water
0010,Caterpie,Worm Pokémon,0.3,2.9,Shield Dust,Run Away,255,33.3,50,Bug,50.0,Bug
0011,Metapod,Cocoon Pokémon,0.7,9.9,Shed Skin,-,120,15.7,50,Bug,50.0,Bug
0012,Butterfree,Butterfly Pokémon,1.1,32.0,Compound Eyes,Tinted Lens,45,5.9,50,Bug,50.0,"Bug, Flying"
0013,Weedle,Hairy Bug Pokémon,0.3,3.2,Shield Dust,Run Away,255,33.3,50,Bug,50.0,"Bug, Poison"
0014,Kakuna,Cocoon Pokémon,0.6,10.0,Shed Skin,-,120,15.7,50,Bug,50.0,"Bug, Poison"
0015,Beedrill,Poison Bee Pokémon,1.0,29.5,Swarm,Sniper,45,5.9,50,Bug,50.0,"Bug, Poison"
0016,Pidgey,Tiny Bird Pokémon,0.3,1.8,Keen Eye,Tangled Feet,255,33.3,50,Flying,50.0,"Normal, Flying"
0017,Pidgeotto,Bird Pokémon,1.1,30.0,Keen Eye,Tangled Feet,120,15.7,50,Flying,50.0,"Normal, Flying"
0018,Pidgeot,Bird Pokémon,1.5,39.5,Keen Eye,Tangled Feet,45,5.9,50,Flying,50.0,"Normal, Flying"
0019,Rattata,Mouse Pokémon,0.3,3.5,Run Away,Guts,255,33.3,50,Field,50.0,Normal
0020,Raticate,Mouse Pokémon,0.7,18.5,Run Away,Guts,127,16.6,50,Field,50.0,Normal
0021,Spearow,Tiny Bird Pokémon,0.3,2.0,Keen Eye,Sniper,255,33.3,50,Flying,50.0,"Normal, Flying"
0022,Fearow,Beak Pokémon,1.2,38.0,Keen Eye,Sniper,90,11.8,50,Flying,50.0,"Normal, Flying"
0023,Ekans,Snake Pokémon,2.0,6.9,Intimidate,Shed Skin,255,33.3,50,"Dragon, Field",50.0,Poison
0024,Arbok,Cobra Pokémon,3.5,65.0,Intimidate,Shed Skin,90,11.8,50,"Dragon, Field",50.0,Poison
0025,Pikachu,Mouse Pokémon,0.4,6.0,Static,Lightning Rod,190,24.8,50,"Fairy, Field",50.0,Electric
0026,Raichu,Mouse Pokémon,0.8,30.0,Static,Lightning Rod,75,9.8,50,"Fairy, Field",50.0,Electric
0027,Sandshrew,Mouse Pokémon,0.6,12.0,Sand Veil,Sand Rush,255,33.3,50,Field,50.0,Ground
0028,Sandslash,Mouse Pokémon,1.0,29.5,Sand Veil,Sand Rush,90,11.8,50,Field,50.0,Ground
0029,Nidoran♀ (female),Poison Pin Pokémon,0.4,7.0,Poison Point,Rivalry,235,30.7,50,"Field, Monster",0.0,Poison
0030,Nidorina,Poison Pin Pokémon,0.8,20.0,Poison Point,Rivalry,120,15.7,50,Undiscovered,0.0,Poison
0031,Nidoqueen,Drill Pokémon,1.3,60.0,Poison Point,Rivalry,45,5.9,50,Undiscovered,0.0,"Poison, Ground"
0032,Nidoran♂ (male),Poison Pin Pokémon,0.5,9.0,Poison Point,Rivalry,235,30.7,50,"Field, Monster",100.0,Poison
0033,Nidorino,Poison Pin Pokémon,0.9,19.5,Poison Point,Rivalry,120,15.7,50,"Field, Monster",100.0,Poison
0034,Nidoking,Drill Pokémon,1.4,62.0,Poison Point,Rivalry,45,5.9,50,"Field, Monster",100.0,"Poison, Ground"
0035,Clefairy,Fairy Pokémon,0.6,7.5,Cute Charm,Magic Guard,150,19.6,140,Fairy,25.0,Fairy
0036,Clefable,Fairy Pokémon,1.3,40.0,Cute Charm,Magic Guard,25,3.3,140,Fairy,25.0,Fairy
0037,Vulpix,Fox Pokémon,0.6,9.9,Flash Fire,Drought,190,24.8,50,Field,25.0,Fire
0038,Ninetales,Fox Pokémon,1.1,19.9,Flash Fire,Drought,75,9.8,50,Field,25.0,Fire
0039,Jigglypuff,Balloon Pokémon,0.5,5.5,Cute Charm,Competitive,170,22.2,50,Fairy,25.0,"Normal, Fairy"
0040,Wigglytuff,Balloon Pokémon,1.0,12.0,Cute Charm,Competitive,50,6.5,50,Fairy,25.0,"Normal, Fairy"
0041,Zubat,Bat Pokémon,0.8,7.5,Inner Focus,Infiltrator,255,33.3,50,Flying,50.0,"Poison, Flying"
0042,Golbat,Bat Pokémon,1.6,55.0,Inner Focus,Infiltrator,90,11.8,50,Flying,50.0,"Poison, Flying"
0043,Oddish,Weed Pokémon,0.5,5.4,Chlorophyll,Run Away,255,33.3,50,Grass,50.0,"Grass, Poison"
0044,Gloom,Weed Pokémon,0.8,8.6,Chlorophyll,Stench,120,15.7,50,Grass,50.0,"Grass, Poison"
0045,Vileplume,Flower Pokémon,1.2,18.6,Chlorophyll,Effect Spore,45,5.9,50,Grass,50.0,"Grass, Poison"
0046,Paras,Mushroom Pokémon,0.3,5.4,Effect Spore,Dry Skin,190,24.8,50,"Bug, Grass",50.0,"Bug, Grass"
0047,Parasect,Mushroom Pokémon,1.0,29.5,Effect Spore,Dry Skin,75,9.8,50,"Bug, Grass",50.0,"Bug, Grass"
0048,Venonat,Insect Pokémon,1.0,30.0,Compound Eyes,Tinted Lens,190,24.8,50,Bug,50.0,"Bug, Poison"
0049,Venomoth,Poison Moth Pokémon,1.5,12.5,Shield Dust,Tinted Lens,75,9.8,50,Bug,50.0,"Bug, Poison"
0050,Diglett,Mole Pokémon,0.2,0.8,Sand Veil,Arena Trap,255,33.3,50,Field,50.0,Ground
0051,Dugtrio,Mole Pokémon,0.7,33.3,Sand Veil,Arena Trap,50,6.5,50,Field,50.0,Ground
0052,Meowth,Scratch Cat Pokémon,0.4,4.2,Pickup,Technician,255,33.3,50,Field,50.0,Normal
0053,Persian,Classy Cat Pokémon,1.0,32.0,Limber,Technician,90,11.8,50,Field,50.0,Normal
0054,Psyduck,Duck Pokémon,0.8,19.6,Damp,Cloud Nine,190,24.8,50,"Field, Water 1",50.0,Water
0055,Golduck,Duck Pokémon,1.7,76.6,Damp,Cloud Nine,75,9.8,50,"Field, Water 1",50.0,Water
0056,Mankey,Pig Monkey Pokémon,0.5,28.0,Vital Spirit,Anger Point,190,24.8,50,Field,50.0,Fighting
0057,Primeape,Pig Monkey Pokémon,1.0,32.0,Vital Spirit,Anger Point,75,9.8,50,Field,50.0,Fighting
0058,Growlithe,Puppy Pokémon,0.7,19.0,Intimidate,Flash Fire,190,24.8,50,Field,75.0,Fire
0059,Arcanine,Legendary Pokémon,1.9,155.0,Intimidate,Flash Fire,75,9.8,50,Field,75.0,Fire
0060,Poliwag,Tadpole Pokémon,0.6,12.4,Water Absorb,Damp,255,33.3,50,Water 1,50.0,Water
0061,Poliwhirl,Tadpole Pokémon,1.0,20.0,Water Absorb,Damp,120,15.7,50,Water 1,50.0,Water
0062,Poliwrath,Tadpole Pokémon,1.3,54.0,Water Absorb,Damp,45,5.9,50,Water 1,50.0,"Water, Fighting"
0063,Abra,Psi Pokémon,0.9,19.5,Synchronize,Inner Focus,200,26.1,50,Human-Like,75.0,Psychic
0064,Kadabra,Psi Pokémon,1.3,56.5,Synchronize,Inner Focus,100,13.1,50,Human-Like,75.0,Psychic
0065,Alakazam,Psi Pokémon,1.5,48.0,Synchronize,Inner Focus,50,6.5,50,Human-Like,75.0,Psychic
0066,Machop,Superpower Pokémon,0.8,19.5,Guts,No Guard,180,23.5,50,Human-Like,75.0,Fighting
0067,Machoke,Superpower Pokémon,1.5,70.5,Guts,No Guard,90,11.8,50,Human-Like,75.0,Fighting
0068,Machamp,Superpower Pokémon,1.6,130.0,Guts,No Guard,45,5.9,50,Human-Like,75.0,Fighting
0069,Bellsprout,Flower Pokémon,0.7,4.0,Chlorophyll,Gluttony,255,33.3,50,Grass,50.0,"Grass, Poison"
0070,Weepinbell,Flycatcher Pokémon,1.0,6.4,Chlorophyll,Gluttony,120,15.7,50,Grass,50.0,"Grass, Poison"
0071,Victreebel,Flycatcher Pokémon,1.7,15.5,Chlorophyll,Gluttony,45,5.9,50,Grass,50.0,"Grass, Poison"
0072,Tentacool,Jellyfish Pokémon,0.9,45.5,Clear Body,Liquid Ooze,190,24.8,50,Water 3,50.0,"Water, Poison"
0073,Tentacruel,Jellyfish Pokémon,1.6,55.0,Clear Body,Liquid Ooze,60,7.8,50,Water 3,50.0,"Water, Poison"
0074,Geodude,Rock Pokémon,0.4,20.0,Rock Head,Sturdy,255,33.3,50,Mineral,50.0,"Rock, Ground"
0075,Graveler,Rock Pokémon,1.0,105.0,Rock Head,Sturdy,120,15.7,50,Mineral,50.0,"Rock, Ground"
0076,Golem,Megaton Pokémon,1.4,300.0,Rock Head,Sturdy,45,5.9,50,Mineral,50.0,"Rock, Ground"
0077,Ponyta,Fire Horse Pokémon,1.0,30.0,Run Away,Flash Fire,190,24.8,50,Field,50.0,Fire
0078,Rapidash,Fire Horse Pokémon,1.7,95.0,Run Away,Flash Fire,60,7.8,50,Field,50.0,Fire
0079,Slowpoke,Dopey Pokémon,1.2,36.0,Oblivious,Own Tempo,190,24.8,50,"Monster, Water 1",50.0,"Water, Psychic"
0080,Slowbro,Hermit Crab Pokémon,1.6,78.5,Oblivious,Own Tempo,75,9.8,50,"Monster, Water 1",50.0,"Water, Psychic"
0081,Magnemite,Magnet Pokémon,0.3,6.0,Magnet Pull,Sturdy,190,24.8,50,Mineral,-,"Electric, Steel"
0082,Magneton,Magnet Pokémon,1.0,60.0,Magnet Pull,Sturdy,60,7.8,50,Mineral,-,"Electric, Steel"
0083,Farfetch'd,Wild Duck Pokémon,0.8,15.0,Keen Eye,Inner Focus,45,5.9,50,"Field, Flying",50.0,"Normal, Flying"
0084,Doduo,Twin Bird Pokémon,1.4,39.2,Run Away,Early Bird,190,24.8,50,Flying,50.0,"Normal, Flying"
0085,Dodrio,Triple Bird Pokémon,1.8,85.2,Run Away,Early Bird,45,5.9,50,Flying,50.0,"Normal, Flying"
0086,Seel,Sea Lion Pokémon,1.1,90.0,Thick Fat,Hydration,190,24.8,50,"Field, Water 1",50.0,Water
0087,Dewgong,Sea Lion Pokémon,1.7,120.0,Thick Fat,Hydration,75,9.8,50,"Field, Water 1",50.0,"Water, Ice"
0088,Grimer,Sludge Pokémon,0.9,30.0,Stench,Sticky Hold,190,24.8,50,Amorphous,50.0,Poison
0089,Muk,Sludge Pokémon,1.2,30.0,Stench,Sticky Hold,75,9.8,50,Amorphous,50.0,Poison
0090,Shellder,Bivalve Pokémon,0.3,4.0,Shell Armor,Skill Link,190,24.8,50,Water 3,50.0,Water
0091,Cloyster,Bivalve Pokémon,1.5,132.5,Shell Armor,Skill Link,60,7.8,50,Water 3,50.0,"Water, Ice"
0092,Gastly,Gas Pokémon,1.3,0.1,Levitate,-,190,24.8,50,Amorphous,50.0,"Ghost, Poison"
0093,Haunter,Gas Pokémon,1.6,0.1,Levitate,-,90,11.8,50,Amorphous,50.0,"Ghost, Poison"
0094,Gengar,Shadow Pokémon,1.5,40.5,Cursed Body,-,45,5.9,50,Amorphous,50.0,"Ghost, Poison"
0095,Onix,Rock Snake Pokémon,8.8,210.0,Rock Head,Sturdy,45,5.9,50,Mineral,50.0,"Rock, Ground"
0096,Drowzee,Hypnosis Pokémon,1.0,32.4,Insomnia,Forewarn,190,24.8,50,Human-Like,50.0,Psychic
0097,Hypno,Hypnosis Pokémon,1.6,75.6,Insomnia,Forewarn,75,9.8,50,Human-Like,50.0,Psychic
0098,Krabby,River Crab Pokémon,0.4,6.5,Hyper Cutter,Shell Armor,225,29.4,50,Water 3,50.0,Water
0099,Kingler,Pincer Pokémon,1.3,60.0,Hyper Cutter,Shell Armor,60,7.8,50,Water 3,50.0,Water
0100,Voltorb,Ball Pokémon,0.5,10.4,Soundproof,Static,190,24.8,50,Mineral,-,Electric
0101,Electrode,Ball Pokémon,1.2,66.6,Soundproof,Static,60,7.8,50,Mineral,-,Electric
0102,Exeggcute,Egg Pokémon,0.4,2.5,Chlorophyll,Harvest,90,11.8,50,Grass,50.0,"Grass, Psychic"
0103,Exeggutor,Coconut Pokémon,2.0,120.0,Chlorophyll,Harvest,45,5.9,50,Grass,50.0,"Grass, Psychic"
0104,Cubone,Lonely Pokémon,0.4,6.5,Rock Head,Lightning Rod,190,24.8,50,Monster,50.0,Ground
0105,Marowak,Bone Keeper Pokémon,1.0,45.0,Rock Head,Lightning Rod,75,9.8,50,Monster,50.0,Ground
0106,Hitmonlee,Kicking Pokémon,1.5,49.8,Limber,Reckless,45,5.9,50,Human-Like,100.0,Fighting
0107,Hitmonchan,Punching Pokémon,1.4,50.2,Keen Eye,Iron Fist,45,5.9,50,Human-Like,100.0,Fighting
0108,Lickitung,Licking Pokémon,1.2,65.5,Own Tempo,Oblivious,45,5.9,50,Monster,50.0,Normal
0109,Koffing,Poison Gas Pokémon,0.6,1.0,Levitate,Neutralizing Gas,190,24.8,50,Amorphous,50.0,Poison
0110,Weezing,Poison Gas Pokémon,1.2,9.5,Levitate,Neutralizing Gas,60,7.8,50,Amorphous,50.0,Poison
0111,Rhyhorn,Spikes Pokémon,1.0,115.0,Lightning Rod,Rock Head,120,15.7,50,"Field, Monster",50.0,"Ground, Rock"
0112,Rhydon,Drill Pokémon,1.9,120.0,Lightning Rod,Rock Head,60,7.8,50,"Field, Monster",50.0,"Ground, Rock"
0113,Chansey,Egg Pokémon,1.1,34.6,Natural Cure,Serene Grace,30,3.9,140,Fairy,0.0,Normal
0114,Tangela,Vine Pokémon,1.0,35.0,Chlorophyll,Leaf Guard,45,5.9,50,Grass,50.0,Grass
0115,Kangaskhan,Parent Pokémon,2.2,80.0,Early Bird,Scrappy,45,5.9,50,Monster,0.0,Normal
0116,Horsea,Dragon Pokémon,0.4,8.0,Swift Swim,Sniper,225,29.4,50,"Dragon, Water 1",50.0,Water
0117,Seadra,Dragon Pokémon,1.2,25.0,Poison Point,Sniper,75,9.8,50,"Dragon, Water 1",50.0,Water
0118,Goldeen,Goldfish Pokémon,0.6,15.0,Swift Swim,Water Veil,225,29.4,50,Water 2,50.0,Water
0119,Seaking,Goldfish Pokémon,1.3,39.0,Swift Swim,Water Veil,60,7.8,50,Water 2,50.0,Water
0120,Staryu,Star Shape Pokémon,0.8,34.5,Illuminate,Natural Cure,225,29.4,50,Water 3,-,Water
0121,Starmie,Mysterious Pokémon,1.1,80.0,Illuminate,Natural Cure,60,7.8,50,Water 3,-,"Water, Psychic"
0122,Mr. Mime,Barrier Pokémon,1.3,54.5,Soundproof,Filter,45,5.9,50,Human-Like,50.0,"Psychic, Fairy"
0123,Scyther,Mantis Pokémon,1.5,56.0,Swarm,Technician,45,5.9,50,Bug,50.0,"Bug, Flying"
0124,Jynx,Human Shape Pokémon,1.4,40.6,Oblivious,Forewarn,45,5.9,50,Human-Like,0.0,"Ice, Psychic"
0125,Electabuzz,Electric Pokémon,1.1,30.0,Static,Vital Spirit,45,5.9,50,Human-Like,75.0,Electric
0126,Magmar,Spitfire Pokémon,1.3,44.5,Flame Body,Vital Spirit,45,5.9,50,Human-Like,75.0,Fire
0127,Pinsir,Stag Beetle Pokémon,1.5,55.0,Hyper Cutter,Mold Breaker,45,5.9,50,Bug,50.0,Bug
0128,Tauros,Wild Bull Pokémon,1.4,88.4,Intimidate,Anger Point,45,5.9,50,Field,100.0,Normal
0129,Magikarp,Fish Pokémon,0.9,10.0,Swift Swim,Rattled,255,33.3,50,"Dragon, Water 2",50.0,Water
0130,Gyarados,Atrocious Pokémon,6.5,235.0,Intimidate,Moxie,45,5.9,50,"Dragon, Water 2",50.0,"Water, Flying"
0131,Lapras,Transport Pokémon,2.5,220.0,Water Absorb,Shell Armor,45,5.9,50,"Monster, Water 1",50.0,"Water, Ice"
0132,Ditto,Transform Pokémon,0.3,4.0,Limber,Imposter,35,4.6,50,Ditto,-,Normal
0133,Eevee,Evolution Pokémon,0.3,6.5,Run Away,Adaptability,45,5.9,50,Field,87.5,Normal
0134,Vaporeon,Bubble Jet Pokémon,1.0,29.0,Water Absorb,Hydration,45,5.9,50,Field,87.5,Water
0135,Jolteon,Lightning Pokémon,0.8,24.5,Volt Absorb,Quick Feet,45,5.9,50,Field,87.5,Electric
0136,Flareon,Flame Pokémon,0.9,25.0,Flash Fire,Guts,45,5.9,50,Field,87.5,Fire
0137,Porygon,Virtual Pokémon,0.8,36.5,Trace,Download,45,5.9,50,Mineral,-,Normal
0138,Omanyte,Spiral Pokémon,0.4,7.5,Swift Swim,Shell Armor,45,5.9,50,"Water 1, Water 3",87.5,"Rock, Water"
0139,Omastar,Spiral Pokémon,1.0,35.0,Swift Swim,Shell Armor,45,5.9,50,"Water 1, Water 3",87.5,"Rock, Water"
0140,Kabuto,Shellfish Pokémon,0.5,11.5,Swift Swim,Battle Armor,45,5.9,50,"Water 1, Water 3",87.5,"Rock, Water"
0141,Kabutops,Shellfish Pokémon,1.3,40.5,Swift Swim,Battle Armor,45,5.9,50,"Water 1, Water 3",87.5,"Rock, Water"
0142,Aerodactyl,Fossil Pokémon,1.8,59.0,Rock Head,Pressure,45,5.9,50,Flying,87.5,"Rock, Flying"
0143,Snorlax,Sleeping Pokémon,2.1,460.0,Immunity,Thick Fat,25,3.3,50,Monster,87.5,Normal
0144,Articuno,Freeze Pokémon,1.7,55.4,Pressure,Snow Cloak,3,0.4,35,Undiscovered,-,"Ice, Flying"
0145,Zapdos,Electric Pokémon,1.6,52.6,Pressure,Static,3,0.4,35,Undiscovered,-,"Electric, Flying"
0146,Moltres,Flame Pokémon,2.0,60.0,Pressure,Flame Body,3,0.4,35,Undiscovered,-,"Fire, Flying"
0147,Dratini,Dragon Pokémon,1.8,3.3,Shed Skin,Marvel Scale,45,5.9,35,"Dragon, Water 1",50.0,Dragon
0148,Dragonair,Dragon Pokémon,4.0,16.5,Shed Skin,Marvel Scale,45,5.9,35,"Dragon, Water 1",50.0,Dragon
0149,Dragonite,Dragon Pokémon,2.2,210.0,Inner Focus,Multiscale,45,5.9,35,"Dragon, Water 1",50.0,"Dragon, Flying"
0150,Mewtwo,Genetic Pokémon,2.0,122.0,Pressure,Unnerve,3,0.4,0,Undiscovered,-,Psychic
0151,Mew,New Species Pokémon,0.4,4.0,Synchronize,-,45,5.9,100,Undiscovered,-,Psychic
0152,Chikorita,Leaf Pokémon,0.9,6.4,Overgrow,Leaf Guard,45,5.9,50,"Grass, Monster",87.5,Grass
0153,Bayleef,Leaf Pokémon,1.2,15.8,Overgrow,Leaf Guard,45,5.9,50,"Grass, Monster",87.5,Grass
0154,Meganium,Herb Pokémon,1.8,100.5,Overgrow,Leaf Guard,45,5.9,50,"Grass, Monster",87.5,Grass
0155,Cyndaquil,Fire Mouse Pokémon,0.5,7.9,Blaze,Flash Fire,45,5.9,50,Field,87.5,Fire
0156,Quilava,Volcano Pokémon,0.9,19.0,Blaze,Flash Fire,45,5.9,50,Field,87.5,Fire
0157,Typhlosion,Volcano Pokémon,1.7,79.5,Blaze,Flash Fire,45,5.9,50,Field,87.5,Fire
0158,Totodile,Big Jaw Pokémon,0.6,9.5,Torrent,Sheer Force,45,5.9,50,"Monster, Water 1",87.5,Water
0159,Croconaw,Big Jaw Pokémon,1.1,25.0,Torrent,Sheer Force,45,5.9,50,"Monster, Water 1",87.5,Water
0160,Feraligatr,Big Jaw Pokémon,2.3,88.8,Torrent,Sheer Force,45,5.9,50,"Monster, Water 1",87.5,Water
0161,Sentret,Scout Pokémon,0.8,6.0,Run Away,Keen Eye,255,33.3,50,Field,50.0,Normal
0162,Furret,Long Body Pokémon,1.8,32.5,Run Away,Keen Eye,90,11.8,50,Field,50.0,Normal
0163,Hoothoot,Owl Pokémon,0.7,21.2,Insomnia,Keen Eye,255,33.3,50,Flying,50.0,"Normal, Flying"
0164,Noctowl,Owl Pokémon,1.6,40.8,Insomnia,Keen Eye,90,11.8,50,Flying,50.0,"Normal, Flying"
0165,Ledyba,Five Star Pokémon,1.0,10.8,Swarm,Early Bird,255,33.3,50,Bug,50.0,"Bug, Flying"
0166,Ledian,Five Star Pokémon,1.4,35.6,Swarm,Early Bird,90,11.8,50,Bug,50.0,"Bug, Flying"
0167,Spinarak,String Spit Pokémon,0.5,8.5,Swarm,Insomnia,255,33.3,50,Bug,50.0,"Bug, Poison"
0168,Ariados,Long Leg Pokémon,1.1,33.5,Swarm,Insomnia,90,11.8,50,Bug,50.0,"Bug, Poison"
0169,Crobat,Bat Pokémon,1.8,75.0,Inner Focus,Infiltrator,90,11.8,50,Flying,50.0,"Poison, Flying"
0170,Chinchou,Angler Pokémon,0.5,12.0,Volt Absorb,Illuminate,190,24.8,50,Water 2,50.0,"Water, Electric"
0171,Lanturn,Light Pokémon,1.2,22.5,Volt Absorb,Illuminate,75,9.8,50,Water 2,50.0,"Water, Electric"
0172,Pichu,Tiny Mouse Pokémon,0.3,2.0,Static,Lightning Rod,190,24.8,50,Undiscovered,50.0,Electric
0173,Cleffa,Star Shape Pokémon,0.3,3.0,Cute Charm,Magic Guard,150,19.6,140,Undiscovered,25.0,Fairy
0174,Igglybuff,Balloon Pokémon,0.3,1.0,Cute Charm,Competitive,170,22.2,50,Undiscovered,25.0,"Normal, Fairy"
0175,Togepi,Spike Ball Pokémon,0.3,1.5,Hustle,Serene Grace,190,24.8,50,Undiscovered,87.5,Fairy
0176,Togetic,Happiness Pokémon,0.6,3.2,Hustle,Serene Grace,75,9.8,50,"Fairy, Flying",87.5,"Fairy, Flying"
0177,Natu,Tiny Bird Pokémon,0.2,2.0,Synchronize,Early Bird,190,24.8,50,Flying,50.0,"Psychic, Flying"
0178,Xatu,Mystic Pokémon,1.5,15.0,Synchronize,Early Bird,75,9.8,50,Flying,50.0,"Psychic, Flying"
0179,Mareep,Wool Pokémon,0.6,7.8,Static,Plus,235,30.7,50,"Field, Monster",50.0,Electric
0180,Flaaffy,Wool Pokémon,0.8,13.3,Static,Plus,120,15.7,50,"Field, Monster",50.0,Electric
0181,Ampharos,Light Pokémon,1.4,61.5,Static,Plus,45,5.9,50,"Field, Monster",50.0,Electric
0182,Bellossom,Flower Pokémon,0.4,5.8,Chlorophyll,Healer,45,5.9,50,Grass,50.0,Grass
0183,Marill,Aqua Mouse Pokémon,0.4,8.5,Thick Fat,Huge Power,190,24.8,50,"Fairy, Water 1",50.0,"Water, Fairy"
0184,Azumarill,Aqua Rabbit Pokémon,0.8,28.5,Thick Fat,Huge Power,75,9.8,50,"Fairy, Water 1",50.0,"Water, Fairy"
0185,Sudowoodo,Imitation Pokémon,1.2,38.0,Sturdy,Rock Head,65,8.5,50,Mineral,50.0,Rock
0186,Politoed,Frog Pokémon,1.1,33.9,Water Absorb,Damp,45,5.9,50,Water 1,50.0,Water
0187,Hoppip,Cottonweed Pokémon,0.4,0.5,Chlorophyll,Leaf Guard,255,33.3,50,"Fairy, Grass",50.0,"Grass, Flying"
0188,Skiploom,Cottonweed Pokémon,0.6,1.0,Chlorophyll,Leaf Guard,120,15.7,50,"Fairy, Grass",50.0,"Grass, Flying"
0189,Jumpluff,Cottonweed Pokémon,0.8,3.0,Chlorophyll,Leaf Guard,45,5.9,50,"Fairy, Grass",50.0,"Grass, Flying"
0190,Aipom,Long Tail Pokémon,0.8,11.5,Run Away,Pickup,45,5.9,50,Field,50.0,Normal
0191,Sunkern,Seed Pokémon,0.3,1.8,Chlorophyll,Solar Power,235,30.7,50,Grass,50.0,Grass
0192,Sunflora,Sun Pokémon,0.8,8.5,Chlorophyll,Solar Power,120,15.7,50,Grass,50.0,Grass
0193,Yanma,Clear Wing Pokémon,1.2,38.0,Speed Boost,Compound Eyes,75,9.8,50,Bug,50.0,"Bug, Flying"
0194,Wooper,Water Fish Pokémon,0.4,8.5,Damp,Water Absorb,255,33.3,50,"Field, Water 1",50.0,"Water, Ground"
0195,Quagsire,Water Fish Pokémon,1.4,75.0,Damp,Water Absorb,90,11.8,50,"Field, Water 1",50.0,"Water, Ground"
0196,Espeon,Sun Pokémon,0.9,26.5,Synchronize,Magic Bounce,45,5.9,50,Field,87.5,Psychic
0197,Umbreon,Moonlight Pokémon,1.0,27.0,Synchronize,Inner Focus,45,5.9,35,Field,87.5,Dark
0198,Murkrow,Darkness Pokémon,0.5,2.1,Insomnia,Super Luck,30,3.9,35,Flying,50.0,"Dark, Flying"
0199,Slowking,Royal Pokémon,2.0,79.5,Oblivious,Own Tempo,70,9.1,50,"Monster, Water 1",50.0,"Water, Psychic"
0200,Misdreavus,Screech Pokémon,0.7,1.0,Levitate,-,45,5.9,35,Amorphous,50.0,Ghost
0201,Unown,Symbol Pokémon,0.5,5.0,Levitate,-,225,29.4,50,Undiscovered,-,Psychic
0202,Wobbuffet,Patient Pokémon,1.3,28.5,Shadow Tag,Telepathy,45,5.9,50,Amorphous,50.0,Psychic
0203,Girafarig,Long Neck Pokémon,1.5,41.5,Inner Focus,Early Bird,60,7.8,50,Field,50.0,"Normal, Psychic"
0204,Pineco,Bagworm Pokémon,0.6,7.2,Sturdy,Overcoat,190,24.8,50,Bug,50.0,Bug
0205,Forretress,Bagworm Pokémon,1.2,125.8,Sturdy,Overcoat,75,9.8,50,Bug,50.0,"Bug, Steel"
0206,Dunsparce,Land Snake Pokémon,1.5,14.0,Serene Grace,Run Away,190,24.8,50,Field,50.0,Normal
0207,Gligar,FlyScorpion Pokémon,1.1,64.8,Hyper Cutter,Sand Veil,60,7.8,50,Bug,50.0,"Ground, Flying"
0208,Steelix,Iron Snake Pokémon,9.2,400.0,Rock Head,Sturdy,25,3.3,50,Mineral,50.0,"Steel, Ground"
0209,Snubbull,Fairy Pokémon,0.6,7.8,Intimidate,Run Away,190,24.8,50,"Fairy, Field",25.0,Fairy
0210,Granbull,Fairy Pokémon,1.4,48.7,Intimidate,Quick Feet,75,9.8,50,"Fairy, Field",25.0,Fairy
0211,Qwilfish,Balloon Pokémon,0.5,3.9,Poison Point,Swift Swim,45,5.9,50,Water 2,50.0,"Water, Poison"
0212,Scizor,Pincer Pokémon,1.8,118.0,Swarm,Technician,25,3.3,50,Bug,50.0,"Bug, Steel"
0213,Shuckle,Mold Pokémon,0.6,20.5,Sturdy,Gluttony,190,24.8,50,Bug,50.0,"Bug, Rock"
0214,Heracross,Single Horn Pokémon,1.5,54.0,Swarm,Guts,45,5.9,50,Bug,50.0,"Bug, Fighting"
0215,Sneasel,Sharp Claw Pokémon,0.9,28.0,Inner Focus,Keen Eye,60,7.8,35,Field,50.0,"Dark, Ice"
0216,Teddiursa,Little Bear Pokémon,0.6,8.8,Pickup,Quick Feet,120,15.7,50,Field,50.0,Normal
0217,Ursaring,Hibernator Pokémon,1.8,125.8,Guts,Quick Feet,60,7.8,50,Field,50.0,Normal
0218,Slugma,Lava Pokémon,0.7,35.0,Magma Armor,Flame Body,190,24.8,50,Amorphous,50.0,Fire
0219,Magcargo,Lava Pokémon,0.8,55.0,Magma Armor,Flame Body,75,9.8,50,Amorphous,50.0,"Fire, Rock"
0220,Swinub,Pig Pokémon,0.4,6.5,Oblivious,Snow Cloak,225,29.4,50,Field,50.0,"Ice, Ground"
0221,Piloswine,Swine Pokémon,1.1,55.8,Oblivious,Snow Cloak,75,9.8,50,Field,50.0,"Ice, Ground"
0222,Corsola,Coral Pokémon,0.6,5.0,Hustle,Natural Cure,60,7.8,50,"Water 1, Water 3",25.0,"Water, Rock"
0223,Remoraid,Jet Pokémon,0.6,12.0,Hustle,Sniper,190,24.8,50,"Water 1, Water 2",50.0,Water
0224,Octillery,Jet Pokémon,0.9,28.5,Suction Cups,Sniper,75,9.8,50,"Water 1, Water 2",50.0,Water
0225,Delibird,Delivery Pokémon,0.9,16.0,Vital Spirit,Hustle,45,5.9,50,"Field, Water 1",50.0,"Ice, Flying"
0226,Mantine,Kite Pokémon,2.1,220.0,Swift Swim,Water Absorb,25,3.3,50,Water 1,50.0,"Water, Flying"
0227,Skarmory,Armor Bird Pokémon,1.7,50.5,Keen Eye,Sturdy,25,3.3,50,Flying,50.0,"Steel, Flying"
0228,Houndour,Dark Pokémon,0.6,10.8,Early Bird,Flash Fire,120,15.7,35,Field,50.0,"Dark, Fire"
0229,Houndoom,Dark Pokémon,1.4,35.0,Early Bird,Flash Fire,45,5.9,35,Field,50.0,"Dark, Fire"
0230,Kingdra,Dragon Pokémon,1.8,152.0,Swift Swim,Sniper,45,5.9,50,"Dragon, Water 1",50.0,"Water, Dragon"
0231,Phanpy,Long Nose Pokémon,0.5,33.5,Pickup,Sand Veil,120,15.7,50,Field,50.0,Ground
0232,Donphan,Armor Pokémon,1.1,120.0,Sturdy,Sand Veil,60,7.8,50,Field,50.0,Ground
0233,Porygon2,Virtual Pokémon,0.6,32.5,Trace,Download,45,5.9,50,Mineral,-,Normal
0234,Stantler,Big Horn Pokémon,1.4,71.2,Intimidate,Frisk,45,5.9,50,Field,50.0,Normal
0235,Smeargle,Painter Pokémon,1.2,58.0,Own Tempo,Technician,45,5.9,50,Field,50.0,Normal
0236,Tyrogue,Scuffle Pokémon,0.7,21.0,Guts,Steadfast,75,9.8,50,Undiscovered,100.0,Fighting
0237,Hitmontop,Handstand Pokémon,1.4,48.0,Intimidate,Technician,45,5.9,50,Human-Like,100.0,Fighting
0238,Smoochum,Kiss Pokémon,0.4,6.0,Oblivious,Forewarn,45,5.9,50,Undiscovered,0.0,"Ice, Psychic"
0239,Elekid,Electric Pokémon,0.6,23.5,Static,Vital Spirit,45,5.9,50,Undiscovered,75.0,Electric
0240,Magby,Live Coal Pokémon,0.7,21.4,Flame Body,Vital Spirit,45,5.9,50,Undiscovered,75.0,Fire
0241,Miltank,Milk Cow Pokémon,1.2,75.5,Thick Fat,Scrappy,45,5.9,50,Field,0.0,Normal
0242,Blissey,Happiness Pokémon,1.5,46.8,Natural Cure,Serene Grace,30,3.9,140,Fairy,0.0,Normal
0243,Raikou,Thunder Pokémon,1.9,178.0,Pressure,Inner Focus,3,0.4,35,Undiscovered,-,Electric
0244,Entei,Volcano Pokémon,2.1,198.0,Pressure,Inner Focus,3,0.4,35,Undiscovered,-,Fire
0245,Suicune,Aurora Pokémon,2.0,187.0,Pressure,Inner Focus,3,0.4,35,Undiscovered,-,Water
0246,Larvitar,Rock Skin Pokémon,0.6,72.0,Guts,Sand Veil,45,5.9,35,Monster,50.0,"Rock, Ground"
0247,Pupitar,Hard Shell Pokémon,1.2,152.0,Shed Skin,-,45,5.9,35,Monster,50.0,"Rock, Ground"
0248,Tyranitar,Armor Pokémon,2.0,202.0,Sand Stream,Unnerve,45,5.9,35,Monster,50.0,"Rock, Dark"
0249,Lugia,Diving Pokémon,5.2,216.0,Pressure,Multiscale,3,0.4,0,Undiscovered,-,"Psychic, Flying"
0250,Ho-oh,Rainbow Pokémon,3.8,199.0,Pressure,Regenerator,3,0.4,0,Undiscovered,-,"Fire, Flying"
0251,Celebi,Time Travel Pokémon,0.6,5.0,Natural Cure,-,45,5.9,100,Undiscovered,-,"Psychic, Grass"
0252,Treecko,Wood Gecko Pokémon,0.5,5.0,Overgrow,Unburden,45,5.9,50,"Dragon, Monster",87.5,Grass
0253,Grovyle,Wood Gecko Pokémon,0.9,21.6,Overgrow,Unburden,45,5.9,50,"Dragon, Monster",87.5,Grass
0254,Sceptile,Forest Pokémon,1.7,52.2,Overgrow,Unburden,45,5.9,50,"Dragon, Monster",87.5,Grass
0255,Torchic,Chick Pokémon,0.4,2.5,Blaze,Speed Boost,45,5.9,50,Field,87.5,Fire
0256,Combusken,Young Fowl Pokémon,0.9,19.5,Blaze,Speed Boost,45,5.9,50,Field,87.5,"Fire, Fighting"
0257,Blaziken,Blaze Pokémon,1.9,52.0,Blaze,Speed Boost,45,5.9,50,Field,87.5,"Fire, Fighting"
0258,Mudkip,Mud Fish Pokémon,0.4,7.6,Torrent,Damp,45,5.9,50,"Monster, Water 1",87.5,Water
0259,Marshtomp,Mud Fish Pokémon,0.7,28.0,Torrent,Damp,45,5.9,50,"Monster, Water 1",87.5,"Water, Ground"
0260,Swampert,Mud Fish Pokémon,1.5,81.9,Torrent,Damp,45,5.9,50,"Monster, Water 1",87.5,"Water, Ground"
0261,Poochyena,Bite Pokémon,0.5,13.6,Run Away,Quick Feet,255,33.3,50,Field,50.0,Dark
0262,Mightyena,Bite Pokémon,1.0,37.0,Intimidate,Quick Feet,127,16.6,50,Field,50.0,Dark
0263,Zigzagoon,TinyRaccoon Pokémon,0.4,17.5,Pickup,Gluttony,255,33.3,50,Field,50.0,Normal
0264,Linoone,Rushing Pokémon,0.5,32.5,Pickup,Gluttony,90,11.8,50,Field,50.0,Normal
0265,Wurmple,Worm Pokémon,0.3,3.6,Shield Dust,Run Away,255,33.3,50,Bug,50.0,Bug
0266,Silcoon,Cocoon Pokémon,0.6,10.0,Shed Skin,-,120,15.7,50,Bug,50.0,Bug
0267,Beautifly,Butterfly Pokémon,1.0,28.4,Swarm,Rivalry,45,5.9,50,Bug,50.0,"Bug, Flying"
0268,Cascoon,Cocoon Pokémon,0.7,11.5,Shed Skin,-,120,15.7,50,Bug,50.0,Bug
0269,Dustox,Poison Moth Pokémon,1.2,31.6,Shield Dust,Compound Eyes,45,5.9,50,Bug,50.0,"Bug, Poison"
0270,Lotad,Water Weed Pokémon,0.5,2.6,Swift Swim,Rain Dish,255,33.3,50,"Grass, Water 1",50.0,"Water, Grass"
0271,Lombre,Jolly Pokémon,1.2,32.5,Swift Swim,Rain Dish,120,15.7,50,"Grass, Water 1",50.0,"Water, Grass"
0272,Ludicolo,Carefree Pokémon,1.5,55.0,Swift Swim,Rain Dish,45,5.9,50,"Grass, Water 1",50.0,"Water, Grass"
0273,Seedot,Acorn Pokémon,0.5,4.0,Chlorophyll,Early Bird,255,33.3,50,"Field, Grass",50.0,Grass
0274,Nuzleaf,Wily Pokémon,1.0,28.0,Chlorophyll,Early Bird,120,15.7,50,"Field, Grass",50.0,"Grass, Dark"
0275,Shiftry,Wicked Pokémon,1.3,59.6,Chlorophyll,Wind Rider,45,5.9,50,"Field, Grass",50.0,"Grass, Dark"
0276,Taillow,TinySwallow Pokémon,0.3,2.3,Guts,Scrappy,200,26.1,50,Flying,50.0,"Normal, Flying"
0277,Swellow,Swallow Pokémon,0.7,19.8,Guts,Scrappy,45,5.9,50,Flying,50.0,"Normal, Flying"
0278,Wingull,Seagull Pokémon,0.6,9.5,Keen Eye,Hydration,190,24.8,50,"Flying, Water 1",50.0,"Water, Flying"
0279,Pelipper,Water Bird Pokémon,1.2,28.0,Keen Eye,Drizzle,45,5.9,50,"Flying, Water 1",50.0,"Water, Flying"
0280,Ralts,Feeling Pokémon,0.4,6.6,Synchronize,Trace,235,30.7,35,"Amorphous, Human-Like",50.0,"Psychic, Fairy"
0281,Kirlia,Emotion Pokémon,0.8,20.2,Synchronize,Trace,120,15.7,35,"Amorphous, Human-Like",50.0,"Psychic, Fairy"
0282,Gardevoir,Embrace Pokémon,1.6,48.4,Synchronize,Trace,45,5.9,35,"Amorphous, Human-Like",50.0,"Psychic, Fairy"
0283,Surskit,Pond Skater Pokémon,0.5,1.7,Swift Swim,Rain Dish,200,26.1,50,"Bug, Water 1",50.0,"Bug, Water"
0284,Masquerain,Eyeball Pokémon,0.8,3.6,Intimidate,Unnerve,75,9.8,50,"Bug, Water 1",50.0,"Bug, Flying"
0285,Shroomish,Mushroom Pokémon,0.4,4.5,Effect Spore,Poison Heal,255,33.3,50,"Fairy, Grass",50.0,Grass
0286,Breloom,Mushroom Pokémon,1.2,39.2,Effect Spore,Poison Heal,90,11.8,50,"Fairy, Grass",50.0,"Grass, Fighting"
0287,Slakoth,Slacker Pokémon,0.8,24.0,Truant,-,255,33.3,50,Field,50.0,Normal
0288,Vigoroth,Wild Monkey Pokémon,1.4,46.5,Vital Spirit,-,120,15.7,50,Field,50.0,Normal
0289,Slaking,Lazy Pokémon,2.0,130.5,Truant,-,45,5.9,50,Field,50.0,Normal
0290,Nincada,Trainee Pokémon,0.5,5.5,Compound Eyes,Run Away,255,33.3,50,Bug,50.0,"Bug, Ground"
0291,Ninjask,Ninja Pokémon,0.8,12.0,Speed Boost,Infiltrator,120,15.7,50,Bug,50.0,"Bug, Flying"
0292,Shedinja,Shed Pokémon,0.8,1.2,Wonder Guard,-,45,5.9,50,Mineral,-,"Bug, Ghost"
0293,Whismur,Whisper Pokémon,0.6,16.3,Soundproof,Rattled,190,24.8,50,"Field, Monster",50.0,Normal
0294,Loudred,Big Voice Pokémon,1.0,40.5,Soundproof,Scrappy,120,15.7,50,"Field, Monster",50.0,Normal
0295,Exploud,Loud Noise Pokémon,1.5,84.0,Soundproof,Scrappy,45,5.9,50,"Field, Monster",50.0,Normal
0296,Makuhita,Guts Pokémon,1.0,86.4,Thick Fat,Guts,180,23.5,50,Human-Like,75.0,Fighting
0297,Hariyama,Arm Thrust Pokémon,2.3,253.8,Thick Fat,Guts,200,26.1,50,Human-Like,75.0,Fighting
0298,Azurill,Polka Dot Pokémon,0.2,2.0,Thick Fat,Huge Power,150,19.6,50,Undiscovered,25.0,"Normal, Fairy"
0299,Nosepass,Compass Pokémon,1.0,97.0,Sturdy,Magnet Pull,255,33.3,50,Mineral,50.0,Rock
0300,Skitty,Kitten Pokémon,0.6,11.0,Cute Charm,Normalize,255,33.3,50,"Fairy, Field",25.0,Normal
0301,Delcatty,Prim Pokémon,1.1,32.6,Cute Charm,Normalize,60,7.8,50,"Fairy, Field",25.0,Normal
0302,Sableye,Darkness Pokémon,0.5,11.0,Keen Eye,Stall,45,5.9,35,Human-Like,50.0,"Dark, Ghost"
0303,Mawile,Deceiver Pokémon,0.6,11.5,Hyper Cutter,Intimidate,45,5.9,50,"Fairy, Field",50.0,"Steel, Fairy"
0304,Aron,Iron Armor Pokémon,0.4,60.0,Sturdy,Rock Head,180,23.5,35,Monster,50.0,"Steel, Rock"
0305,Lairon,Iron Armor Pokémon,0.9,120.0,Sturdy,Rock Head,90,11.8,35,Monster,50.0,"Steel, Rock"
0306,Aggron,Iron Armor Pokémon,2.1,360.0,Sturdy,Rock Head,45,5.9,35,Monster,50.0,"Steel, Rock"
0307,Meditite,Meditate Pokémon,0.6,11.2,Pure Power,Telepathy,180,23.5,50,Human-Like,50.0,"Fighting, Psychic"
0308,Medicham,Meditate Pokémon,1.3,31.5,Pure Power,Telepathy,90,11.8,50,Human-Like,50.0,"Fighting, Psychic"
0309,Electrike,Lightning Pokémon,0.6,15.2,Static,Lightning Rod,120,15.7,50,Field,50.0,Electric
0310,Manectric,Discharge Pokémon,1.5,40.2,Static,Lightning Rod,45,5.9,50,Field,50.0,Electric
0311,Plusle,Cheering Pokémon,0.4,4.2,Plus,Lightning Rod,200,26.1,50,Fairy,50.0,Electric
0312,Minun,Cheering Pokémon,0.4,4.2,Minus,Volt Absorb,200,26.1,50,Fairy,50.0,Electric
0313,Volbeat,Firefly Pokémon,0.7,17.7,Illuminate,Swarm,150,19.6,50,"Bug, Human-Like",100.0,Bug
0314,Illumise,Firefly Pokémon,0.6,17.7,Oblivious,Tinted Lens,150,19.6,50,"Bug, Human-Like",0.0,Bug
0315,Roselia,Thorn Pokémon,0.3,2.0,Natural Cure,Poison Point,150,19.6,50,"Fairy, Grass",50.0,"Grass, Poison"
0316,Gulpin,Stomach Pokémon,0.4,10.3,Liquid Ooze,Sticky Hold,225,29.4,50,Amorphous,50.0,Poison
0317,Swalot,Poison Bag Pokémon,1.7,80.0,Liquid Ooze,Sticky Hold,75,9.8,50,Amorphous,50.0,Poison
0318,Carvanha,Savage Pokémon,0.8,20.8,Rough Skin,Speed Boost,225,29.4,35,Water 2,50.0,"Water, Dark"
0319,Sharpedo,Brutal Pokémon,1.8,88.8,Rough Skin,Speed Boost,60,7.8,35,Water 2,50.0,"Water, Dark"
0320,Wailmer,Ball Whale Pokémon,2.0,130.0,Water Veil,Oblivious,125,16.3,50,"Field, Water 2",50.0,Water
0321,Wailord,Float Whale Pokémon,14.5,398.0,Water Veil,Oblivious,60,7.8,50,"Field, Water 2",50.0,Water
0322,Numel,Numb Pokémon,0.7,24.0,Oblivious,Simple,255,33.3,50,Field,50.0,"Fire, Ground"
0323,Camerupt,Eruption Pokémon,1.9,220.0,Magma Armor,Solid Rock,150,19.6,50,Field,50.0,"Fire, Ground"
0324,Torkoal,Coal Pokémon,0.5,80.4,White Smoke,Drought,90,11.8,50,Field,50.0,Fire
0325,Spoink,Bounce Pokémon,0.7,30.6,Thick Fat,Own Tempo,255,33.3,50,Field,50.0,Psychic
0326,Grumpig,Manipulate Pokémon,0.9,71.5,Thick Fat,Own Tempo,60,7.8,50,Field,50.0,Psychic
0327,Spinda,Spot Panda Pokémon,1.1,5.0,Own Tempo,Tangled Feet,255,33.3,50,"Field, Human-Like",50.0,Normal
0328,Trapinch,Ant Pit Pokémon,0.7,15.0,Hyper Cutter,Arena Trap,255,33.3,50,"Bug, Dragon",50.0,Ground
0329,Vibrava,Vibration Pokémon,1.1,15.3,Levitate,-,120,15.7,50,"Bug, Dragon",50.0,"Ground, Dragon"
0330,Flygon,Mystic Pokémon,2.0,82.0,Levitate,-,45,5.9,50,"Bug, Dragon",50.0,"Ground, Dragon"
0331,Cacnea,Cactus Pokémon,0.4,51.3,Sand Veil,Water Absorb,190,24.8,35,"Grass, Human-Like",50.0,Grass
0332,Cacturne,Scarecrow Pokémon,1.3,77.4,Sand Veil,Water Absorb,60,7.8,35,"Grass, Human-Like",50.0,"Grass, Dark"
0333,Swablu,Cotton Bird Pokémon,0.4,1.2,Natural Cure,Cloud Nine,255,33.3,50,"Dragon, Flying",50.0,"Normal, Flying"
0334,Altaria,Humming Pokémon,1.1,20.6,Natural Cure,Cloud Nine,45,5.9,50,"Dragon, Flying",50.0,"Dragon, Flying"
0335,Zangoose,Cat Ferret Pokémon,1.3,40.3,Immunity,Toxic Boost,90,11.8,50,Field,50.0,Normal
0336,Seviper,Fang Snake Pokémon,2.7,52.5,Shed Skin,Infiltrator,90,11.8,50,"Dragon, Field",50.0,Poison
0337,Lunatone,Meteorite Pokémon,1.0,168.0,Levitate,-,45,5.9,50,Mineral,-,"Rock, Psychic"
0338,Solrock,Meteorite Pokémon,1.2,154.0,Levitate,-,45,5.9,50,Mineral,-,"Rock, Psychic"
0339,Barboach,Whiskers Pokémon,0.4,1.9,Oblivious,Anticipation,190,24.8,50,Water 2,50.0,"Water, Ground"
0340,Whiscash,Whiskers Pokémon,0.9,23.6,Oblivious,Anticipation,75,9.8,50,Water 2,50.0,"Water, Ground"
0341,Corphish,Ruffian Pokémon,0.6,11.5,Hyper Cutter,Shell Armor,205,26.8,50,"Water 1, Water 3",50.0,Water
0342,Crawdaunt,Rogue Pokémon,1.1,32.8,Hyper Cutter,Shell Armor,155,20.3,50,"Water 1, Water 3",50.0,"Water, Dark"
0343,Baltoy,Clay Doll Pokémon,0.5,21.5,Levitate,-,255,33.3,50,Mineral,-,"Ground, Psychic"
0344,Claydol,Clay Doll Pokémon,1.5,108.0,Levitate,-,90,11.8,50,Mineral,-,"Ground, Psychic"
0345,Lileep,Sea Lily Pokémon,1.0,23.8,Suction Cups,Storm Drain,45,5.9,50,Water 3,87.5,"Rock, Grass"
0346,Cradily,Barnacle Pokémon,1.5,60.4,Suction Cups,Storm Drain,45,5.9,50,Water 3,87.5,"Rock, Grass"
0347,Anorith,Old Shrimp Pokémon,0.7,12.5,Battle Armor,Swift Swim,45,5.9,50,Water 3,87.5,"Rock, Bug"
0348,Armaldo,Plate Pokémon,1.5,68.2,Battle Armor,Swift Swim,45,5.9,50,Water 3,87.5,"Rock, Bug"
0349,Feebas,Fish Pokémon,0.6,7.4,Swift Swim,Oblivious,255,33.3,50,"Dragon, Water 1",50.0,Water
0350,Milotic,Tender Pokémon,6.2,162.0,Marvel Scale,Competitive,60,7.8,50,"Dragon, Water 1",50.0,Water
0351,Castform,Weather Pokémon,0.3,0.8,Forecast,-,45,5.9,50,"Amorphous, Fairy",50.0,Normal
0352,Kecleon,Color Swap Pokémon,1.0,22.0,Color Change,Protean,200,26.1,50,Field,50.0,Normal
0353,Shuppet,Puppet Pokémon,0.6,2.3,Insomnia,Frisk,225,29.4,35,Amorphous,50.0,Ghost
0354,Banette,Marionette Pokémon,1.1,12.5,Insomnia,Frisk,45,5.9,35,Amorphous,50.0,Ghost
0355,Duskull,Requiem Pokémon,0.8,15.0,Levitate,Frisk,190,24.8,35,Amorphous,50.0,Ghost
0356,Dusclops,Beckon Pokémon,1.6,30.6,Pressure,Frisk,90,11.8,35,Amorphous,50.0,Ghost
0357,Tropius,Fruit Pokémon,2.0,100.0,Chlorophyll,Solar Power,200,26.1,50,"Grass, Monster",50.0,"Grass, Flying"
0358,Chimecho,Wind Chime Pokémon,0.6,1.0,Levitate,-,45,5.9,50,Amorphous,50.0,Psychic
0359,Absol,Disaster Pokémon,1.2,47.0,Pressure,Super Luck,30,3.9,35,Field,50.0,Dark
0360,Wynaut,Bright Pokémon,0.6,14.0,Shadow Tag,Telepathy,125,16.3,50,Undiscovered,50.0,Psychic
0361,Snorunt,Snow Hat Pokémon,0.7,16.8,Inner Focus,Ice Body,190,24.8,50,"Fairy, Mineral",50.0,Ice
0362,Glalie,Face Pokémon,1.5,256.5,Inner Focus,Ice Body,75,9.8,50,"Fairy, Mineral",50.0,Ice
0363,Spheal,Clap Pokémon,0.8,39.5,Thick Fat,Ice Body,255,33.3,50,"Field, Water 1",50.0,"Ice, Water"
0364,Sealeo,Ball Roll Pokémon,1.1,87.6,Thick Fat,Ice Body,120,15.7,50,"Field, Water 1",50.0,"Ice, Water"
0365,Walrein,Ice Break Pokémon,1.4,150.6,Thick Fat,Ice Body,45,5.9,50,"Field, Water 1",50.0,"Ice, Water"
0366,Clamperl,Bivalve Pokémon,0.4,52.5,Shell Armor,Rattled,255,33.3,50,Water 1,50.0,Water
0367,Huntail,Deep Sea Pokémon,1.7,27.0,Swift Swim,Water Veil,60,7.8,50,Water 1,50.0,Water
0368,Gorebyss,South Sea Pokémon,1.8,22.6,Swift Swim,Hydration,60,7.8,50,Water 1,50.0,Water
0369,Relicanth,Longevity Pokémon,1.0,23.4,Swift Swim,Rock Head,25,3.3,50,"Water 1, Water 2",87.5,"Water, Rock"
0370,Luvdisc,Rendezvous Pokémon,0.6,8.7,Swift Swim,Hydration,225,29.4,50,Water 2,25.0,Water
0371,Bagon,Rock Head Pokémon,0.6,42.1,Rock Head,Sheer Force,45,5.9,35,Dragon,50.0,Dragon
0372,Shelgon,Endurance Pokémon,1.1,110.5,Rock Head,Overcoat,45,5.9,35,Dragon,50.0,Dragon
0373,Salamence,Dragon Pokémon,1.5,102.6,Intimidate,Moxie,45,5.9,35,Dragon,50.0,"Dragon, Flying"
0374,Beldum,Iron Ball Pokémon,0.6,95.2,Clear Body,Light Metal,3,0.4,35,Mineral,-,"Steel, Psychic"
0375,Metang,Iron Claw Pokémon,1.2,202.5,Clear Body,Light Metal,3,0.4,35,Mineral,-,"Steel, Psychic"
0376,Metagross,Iron Leg Pokémon,1.6,550.0,Clear Body,Light Metal,3,0.4,35,Mineral,-,"Steel, Psychic"
0377,Regirock,Rock Peak Pokémon,1.7,230.0,Clear Body,Sturdy,3,0.4,35,Undiscovered,-,Rock
0378,Regice,Iceberg Pokémon,1.8,175.0,Clear Body,Ice Body,3,0.4,35,Undiscovered,-,Ice
0379,Registeel,Iron Pokémon,1.9,205.0,Clear Body,Light Metal,3,0.4,35,Undiscovered,-,Steel
0380,Latias,Eon Pokémon,1.4,40.0,Levitate,-,3,0.4,90,Undiscovered,0.0,"Dragon, Psychic"
0381,Latios,Eon Pokémon,2.0,60.0,Levitate,-,3,0.4,90,Undiscovered,100.0,"Dragon, Psychic"
0382,Kyogre,Sea Basin Pokémon,4.5,352.0,Drizzle,-,3,0.4,0,Undiscovered,-,Water
0383,Groudon,Continent Pokémon,3.5,950.0,Drought,-,3,0.4,0,Undiscovered,-,Ground
0384,Rayquaza,Sky High Pokémon,7.0,206.5,Air Lock,-,45,5.9,0,Undiscovered,-,"Dragon, Flying"
0385,Jirachi,Wish Pokémon,0.3,1.1,Serene Grace,-,3,0.4,100,Undiscovered,-,"Steel, Psychic"
0386,Deoxys,DNA Pokémon,1.7,60.8,Pressure,-,3,0.4,0,Undiscovered,-,Psychic
0387,Turtwig,Tiny Leaf Pokémon,0.4,10.2,Overgrow,Shell Armor,45,5.9,50,"Grass, Monster",87.5,Grass
0388,Grotle,Grove Pokémon,1.1,97.0,Overgrow,Shell Armor,45,5.9,50,"Grass, Monster",87.5,Grass
0389,Torterra,Continent Pokémon,2.2,310.0,Overgrow,Shell Armor,45,5.9,50,"Grass, Monster",87.5,"Grass, Ground"
0390,Chimchar,Chimp Pokémon,0.5,6.2,Blaze,Iron Fist,45,5.9,50,"Field, Human-Like",87.5,Fire
0391,Monferno,Playful Pokémon,0.9,22.0,Blaze,Iron Fist,45,5.9,50,"Field, Human-Like",87.5,"Fire, Fighting"
0392,Infernape,Flame Pokémon,1.2,55.0,Blaze,Iron Fist,45,5.9,50,"Field, Human-Like",87.5,"Fire, Fighting"
0393,Piplup,Penguin Pokémon,0.4,5.2,Torrent,Competitive,45,5.9,50,"Field, Water 1",87.5,Water
0394,Prinplup,Penguin Pokémon,0.8,23.0,Torrent,Competitive,45,5.9,50,"Field, Water 1",87.5,Water
0395,Empoleon,Emperor Pokémon,1.7,84.5,Torrent,Competitive,45,5.9,50,"Field, Water 1",87.5,"Water, Steel"
0396,Starly,Starling Pokémon,0.3,2.0,Keen Eye,Reckless,255,33.3,50,Flying,50.0,"Normal, Flying"
0397,Staravia,Starling Pokémon,0.6,15.5,Intimidate,Reckless,120,15.7,50,Flying,50.0,"Normal, Flying"
0398,Staraptor,Predator Pokémon,1.2,24.9,Intimidate,Reckless,45,5.9,50,Flying,50.0,"Normal, Flying"
0399,Bidoof,Plump Mouse Pokémon,0.5,20.0,Simple,Unaware,255,33.3,50,"Field, Water 1",50.0,Normal
0400,Bibarel,Beaver Pokémon,1.0,31.5,Simple,Unaware,127,16.6,50,"Field, Water 1",50.0,"Normal, Water"
0401,Kricketot,Cricket Pokémon,0.3,2.2,Shed Skin,Run Away,255,33.3,50,Bug,50.0,Bug
0402,Kricketune,Cricket Pokémon,1.0,25.5,Swarm,Technician,45,5.9,50,Bug,50.0,Bug
0403,Shinx,Flash Pokémon,0.5,9.5,Rivalry,Intimidate,235,30.7,50,Field,50.0,Electric
0404,Luxio,Spark Pokémon,0.9,30.5,Rivalry,Intimidate,120,15.7,100,Field,50.0,Electric
0405,Luxray,Gleam Eyes Pokémon,1.4,42.0,Rivalry,Intimidate,45,5.9,50,Field,50.0,Electric
0406,Budew,Bud Pokémon,0.2,1.2,Natural Cure,Poison Point,255,33.3,50,Undiscovered,50.0,"Grass, Poison"
0407,Roserade,Bouquet Pokémon,0.9,14.5,Natural Cure,Poison Point,75,9.8,50,"Fairy, Grass",50.0,"Grass, Poison"
0408,Cranidos,Head Butt Pokémon,0.9,31.5,Mold Breaker,Sheer Force,45,5.9,50,Monster,87.5,Rock
0409,Rampardos,Head Butt Pokémon,1.6,102.5,Mold Breaker,Sheer Force,45,5.9,50,Monster,87.5,Rock
0410,Shieldon,Shield Pokémon,0.5,57.0,Sturdy,Soundproof,45,5.9,50,Monster,87.5,"Rock, Steel"
0411,Bastiodon,Shield Pokémon,1.3,149.5,Sturdy,Soundproof,45,5.9,50,Monster,87.5,"Rock, Steel"
0412,Burmy,Bagworm Pokémon,0.2,3.4,Shed Skin,Overcoat,120,15.7,50,Bug,50.0,Bug
0413,Wormadam,Bagworm Pokémon,0.5,6.5,Anticipation,Overcoat,45,5.9,50,Bug,0.0,"Bug, Grass"
0414,Mothim,Moth Pokémon,0.9,23.3,Swarm,Tinted Lens,45,5.9,50,Bug,100.0,"Bug, Flying"
0415,Combee,Tiny Bee Pokémon,0.3,5.5,Honey Gather,Hustle,120,15.7,50,Bug,87.5,"Bug, Flying"
0416,Vespiquen,Beehive Pokémon,1.2,38.5,Pressure,Unnerve,45,5.9,50,Bug,0.0,"Bug, Flying"
0417,Pachirisu,EleSquirrel Pokémon,0.4,3.9,Run Away,Pickup,200,26.1,100,"Fairy, Field",50.0,Electric
0418,Buizel,Sea Weasel Pokémon,0.7,29.5,Swift Swim,Water Veil,190,24.8,50,"Field, Water 1",50.0,Water
0419,Floatzel,Sea Weasel Pokémon,1.1,33.5,Swift Swim,Water Veil,75,9.8,50,"Field, Water 1",50.0,Water
0420,Cherubi,Cherry Pokémon,0.4,3.3,Chlorophyll,-,190,24.8,50,"Fairy, Grass",50.0,Grass
0421,Cherrim,Blossom Pokémon,0.5,9.3,Flower Gift,-,75,9.8,50,"Fairy, Grass",50.0,Grass
0422,Shellos,Sea Slug Pokémon,0.3,6.3,Sticky Hold,Storm Drain,190,24.8,50,"Amorphous, Water 1",50.0,Water
0423,Gastrodon,Sea Slug Pokémon,0.9,29.9,Sticky Hold,Storm Drain,75,9.8,50,"Amorphous, Water 1",50.0,"Water, Ground"
0424,Ambipom,Long Tail Pokémon,1.2,20.3,Technician,Pickup,45,5.9,100,Field,50.0,Normal
0425,Drifloon,Balloon Pokémon,0.4,1.2,Aftermath,Unburden,125,16.3,50,Amorphous,50.0,"Ghost, Flying"
0426,Drifblim,Blimp Pokémon,1.2,15.0,Aftermath,Unburden,60,7.8,50,Amorphous,50.0,"Ghost, Flying"
0427,Buneary,Rabbit Pokémon,0.4,5.5,Run Away,Klutz,190,24.8,0,"Field, Human-Like",50.0,Normal
0428,Lopunny,Rabbit Pokémon,1.2,33.3,Cute Charm,Klutz,60,7.8,140,"Field, Human-Like",50.0,Normal
0429,Mismagius,Magical Pokémon,0.9,4.4,Levitate,-,45,5.9,35,Amorphous,50.0,Ghost
0430,Honchkrow,Big Boss Pokémon,0.9,27.3,Insomnia,Super Luck,30,3.9,35,Flying,50.0,"Dark, Flying"
0431,Glameow,Catty Pokémon,0.5,3.9,Limber,Own Tempo,190,24.8,50,Field,25.0,Normal
0432,Purugly,Tiger Cat Pokémon,1.0,43.8,Thick Fat,Own Tempo,75,9.8,50,Field,25.0,Normal
0433,Chingling,Bell Pokémon,0.2,0.6,Levitate,-,120,15.7,50,Undiscovered,50.0,Psychic
0434,Stunky,Skunk Pokémon,0.4,19.2,Stench,Aftermath,225,29.4,50,Field,50.0,"Poison, Dark"
0435,Skuntank,Skunk Pokémon,1.0,38.0,Stench,Aftermath,60,7.8,50,Field,50.0,"Poison, Dark"
0436,Bronzor,Bronze Pokémon,0.5,60.5,Levitate,Heatproof,255,33.3,50,Mineral,-,"Steel, Psychic"
0437,Bronzong,Bronze Bell Pokémon,1.3,187.0,Levitate,Heatproof,90,11.8,50,Mineral,-,"Steel, Psychic"
0438,Bonsly,Bonsai Pokémon,0.5,15.0,Sturdy,Rock Head,255,33.3,50,Undiscovered,50.0,Rock
0439,Mime Jr.,Mime Pokémon,0.6,13.0,Soundproof,Filter,145,19.0,50,Undiscovered,50.0,"Psychic, Fairy"
0440,Happiny,Playhouse Pokémon,0.6,24.4,Natural Cure,Serene Grace,130,17.0,140,Undiscovered,0.0,Normal
0441,Chatot,Music Note Pokémon,0.5,1.9,Keen Eye,Tangled Feet,30,3.9,35,Flying,50.0,"Normal, Flying"
0442,Spiritomb,Forbidden Pokémon,1.0,108.0,Pressure,Infiltrator,100,13.1,50,Amorphous,50.0,"Ghost, Dark"
0443,Gible,Land Shark Pokémon,0.7,20.5,Sand Veil,Rough Skin,45,5.9,50,"Dragon, Monster",50.0,"Dragon, Ground"
0444,Gabite,Cave Pokémon,1.4,56.0,Sand Veil,Rough Skin,45,5.9,50,"Dragon, Monster",50.0,"Dragon, Ground"
0445,Garchomp,Mach Pokémon,1.9,95.0,Sand Veil,Rough Skin,45,5.9,50,"Dragon, Monster",50.0,"Dragon, Ground"
0446,Munchlax,Big Eater Pokémon,0.6,105.0,Pickup,Thick Fat,50,6.5,50,Undiscovered,87.5,Normal
0447,Riolu,Emanation Pokémon,0.7,20.2,Steadfast,Inner Focus,75,9.8,50,Undiscovered,87.5,Fighting
0448,Lucario,Aura Pokémon,1.2,54.0,Steadfast,Inner Focus,45,5.9,50,"Field, Human-Like",87.5,"Fighting, Steel"
0449,Hippopotas,Hippo Pokémon,0.8,49.5,Sand Stream,Sand Force,140,18.3,50,Field,50.0,Ground
0450,Hippowdon,Heavyweight Pokémon,2.0,300.0,Sand Stream,Sand Force,60,7.8,50,Field,50.0,Ground
0451,Skorupi,Scorpion Pokémon,0.8,12.0,Battle Armor,Sniper,120,15.7,50,"Bug, Water 3",50.0,"Poison, Bug"
0452,Drapion,Ogre Scorp Pokémon,1.3,61.5,Battle Armor,Sniper,45,5.9,50,"Bug, Water 3",50.0,"Poison, Dark"
0453,Croagunk,Toxic Mouth Pokémon,0.7,23.0,Anticipation,Dry Skin,140,18.3,100,Human-Like,50.0,"Poison, Fighting"
0454,Toxicroak,Toxic Mouth Pokémon,1.3,44.4,Anticipation,Dry Skin,75,9.8,50,Human-Like,50.0,"Poison, Fighting"
0455,Carnivine,Bug Catcher Pokémon,1.4,27.0,Levitate,-,200,26.1,50,Grass,50.0,Grass
0456,Finneon,Wing Fish Pokémon,0.4,7.0,Swift Swim,Storm Drain,190,24.8,50,Water 2,50.0,Water
0457,Lumineon,Neon Pokémon,1.2,24.0,Swift Swim,Storm Drain,75,9.8,50,Water 2,50.0,Water
0458,Mantyke,Kite Pokémon,1.0,65.0,Swift Swim,Water Absorb,25,3.3,50,Undiscovered,50.0,"Water, Flying"
0459,Snover,Frost Tree Pokémon,1.0,50.5,Snow Warning,Soundproof,120,15.7,50,"Grass, Monster",50.0,"Grass, Ice"
0460,Abomasnow,Frost Tree Pokémon,2.2,135.5,Snow Warning,Soundproof,60,7.8,50,"Grass, Monster",50.0,"Grass, Ice"
0461,Weavile,Sharp Claw Pokémon,1.1,34.0,Pressure,Pickpocket,45,5.9,35,Field,50.0,"Dark, Ice"
0462,Magnezone,Magnet Area Pokémon,1.2,180.0,Magnet Pull,Sturdy,30,3.9,50,Mineral,-,"Electric, Steel"
0463,Lickilicky,Licking Pokémon,1.7,140.0,Own Tempo,Oblivious,30,3.9,50,Monster,50.0,Normal
0464,Rhyperior,Drill Pokémon,2.4,282.8,Lightning Rod,Solid Rock,30,3.9,50,"Field, Monster",50.0,"Ground, Rock"
0465,Tangrowth,Vine Pokémon,2.0,128.6,Chlorophyll,Leaf Guard,30,3.9,50,Grass,50.0,Grass
0466,Electivire,Thunderbolt Pokémon,1.8,138.6,Motor Drive,Vital Spirit,30,3.9,50,Human-Like,75.0,Electric
0467,Magmortar,Blast Pokémon,1.6,68.0,Flame Body,Vital Spirit,30,3.9,50,Human-Like,75.0,Fire
0468,Togekiss,Jubilee Pokémon,1.5,38.0,Hustle,Serene Grace,30,3.9,50,"Fairy, Flying",87.5,"Fairy, Flying"
0469,Yanmega,Ogre Darner Pokémon,1.9,51.5,Speed Boost,Tinted Lens,30,3.9,50,Bug,50.0,"Bug, Flying"
0470,Leafeon,Verdant Pokémon,1.0,25.5,Leaf Guard,Chlorophyll,45,5.9,35,Field,87.5,Grass
0471,Glaceon,Fresh Snow Pokémon,0.8,25.9,Snow Cloak,Ice Body,45,5.9,35,Field,87.5,Ice
0472,Gliscor,Fang Scorp Pokémon,2.0,42.5,Hyper Cutter,Sand Veil,30,3.9,50,Bug,50.0,"Ground, Flying"
0473,Mamoswine,Twin Tusk Pokémon,2.5,291.0,Oblivious,Snow Cloak,50,6.5,50,Field,50.0,"Ice, Ground"
0474,Porygon-Z,Virtual Pokémon,0.9,34.0,Adaptability,Download,30,3.9,50,Mineral,-,Normal
0475,Gallade,Blade Pokémon,1.6,52.0,Steadfast,Sharpness,45,5.9,35,"Amorphous, Human-Like",100.0,"Psychic, Fighting"
0476,Probopass,Compass Pokémon,1.4,340.0,Sturdy,Magnet Pull,60,7.8,50,Mineral,50.0,"Rock, Steel"
0477,Dusknoir,Gripper Pokémon,2.2,106.6,Pressure,Frisk,45,5.9,35,Amorphous,50.0,Ghost
0478,Froslass,Snow Land Pokémon,1.3,26.6,Snow Cloak,Cursed Body,75,9.8,50,"Fairy, Mineral",0.0,"Ice, Ghost"
0479,Rotom,Plasma Pokémon,0.3,0.3,Levitate,-,45,5.9,50,Amorphous,-,"Electric, Ghost"
0480,Uxie,Knowledge Pokémon,0.3,0.3,Levitate,-,3,0.4,140,Undiscovered,-,Psychic
0481,Mesprit,Emotion Pokémon,0.3,0.3,Levitate,-,3,0.4,140,Undiscovered,-,Psychic
0482,Azelf,Willpower Pokémon,0.3,0.3,Levitate,-,3,0.4,140,Undiscovered,-,Psychic
0483,Dialga,Temporal Pokémon,5.4,683.0,Pressure,Telepathy,3,0.4,0,Undiscovered,-,"Steel, Dragon"
0484,Palkia,Spatial Pokémon,4.2,336.0,Pressure,Telepathy,3,0.4,0,Undiscovered,-,"Water, Dragon"
0485,Heatran,Lava Dome Pokémon,1.7,430.0,Flash Fire,Flame Body,3,0.4,100,Undiscovered,50.0,"Fire, Steel"
0486,Regigigas,Colossal Pokémon,3.7,420.0,Slow Start,-,3,0.4,0,Undiscovered,-,Normal
0487,Giratina,Renegade Pokémon,4.5,750.0,Pressure,Telepathy,3,0.4,0,Undiscovered,-,"Ghost, Dragon"
0488,Cresselia,Lunar Pokémon,1.5,85.6,Levitate,-,3,0.4,100,Undiscovered,0.0,Psychic
0489,Phione,Sea Drifter Pokémon,0.4,3.1,Hydration,-,30,3.9,50,"Fairy, Water 1",-,Water
0490,Manaphy,Seafaring Pokémon,0.3,1.4,Hydration,-,3,0.4,50,"Fairy, Water 1",-,Water
0491,Darkrai,Pitch-Black Pokémon,1.5,50.5,Bad Dreams,-,3,0.4,0,Undiscovered,-,Dark
0492,Shaymin,Gratitude Pokémon,0.2,2.1,Natural Cure,-,45,5.9,100,Undiscovered,-,Grass
0493,Arceus,Alpha Pokémon,3.2,320.0,Multitype,-,3,0.4,0,Undiscovered,-,Normal
0494,Victini,Victory Pokémon,0.4,4.0,Victory Star,-,3,0.4,100,Undiscovered,-,"Psychic, Fire"
0495,Snivy,Grass Snake Pokémon,0.6,8.1,Overgrow,Contrary,45,5.9,50,"Field, Grass",87.5,Grass
0496,Servine,Grass Snake Pokémon,0.8,16.0,Overgrow,Contrary,45,5.9,50,"Field, Grass",87.5,Grass
0497,Serperior,Regal Pokémon,3.3,63.0,Overgrow,Contrary,45,5.9,50,"Field, Grass",87.5,Grass
0498,Tepig,Fire Pig Pokémon,0.5,9.9,Blaze,Thick Fat,45,5.9,50,Field,87.5,Fire
0499,Pignite,Fire Pig Pokémon,1.0,55.5,Blaze,Thick Fat,45,5.9,50,Field,87.5,"Fire, Fighting"
0500,Emboar,Mega Fire Pig Pokémon,1.6,150.0,Blaze,Reckless,45,5.9,50,Field,87.5,"Fire, Fighting"
0501,Oshawott,Sea Otter Pokémon,0.5,5.9,Torrent,Shell Armor,45,5.9,50,Field,87.5,Water
0502,Dewott,Discipline Pokémon,0.8,24.5,Torrent,Shell Armor,45,5.9,50,Field,87.5,Water
0503,Samurott,Formidable Pokémon,1.5,94.6,Torrent,Shell Armor,45,5.9,50,Field,87.5,Water
0504,Patrat,Scout Pokémon,0.5,11.6,Run Away,Keen Eye,255,33.3,50,Field,50.0,Normal
0505,Watchog,Lookout Pokémon,1.1,27.0,Illuminate,Keen Eye,255,33.3,50,Field,50.0,Normal
0506,Lillipup,Puppy Pokémon,0.4,4.1,Vital Spirit,Pickup,255,33.3,50,Field,50.0,Normal
0507,Herdier,Loyal Dog Pokémon,0.9,14.7,Intimidate,Sand Rush,120,15.7,50,Field,50.0,Normal
0508,Stoutland,Big-Hearted Pokémon,1.2,61.0,Intimidate,Sand Rush,45,5.9,50,Field,50.0,Normal
0509,Purrloin,Devious Pokémon,0.4,10.1,Limber,Unburden,255,33.3,50,Field,50.0,Dark
0510,Liepard,Cruel Pokémon,1.1,37.5,Limber,Unburden,90,11.8,50,Field,50.0,Dark
0511,Pansage,Grass Monkey Pokémon,0.6,10.5,Gluttony,Overgrow,190,24.8,50,Field,87.5,Grass
0512,Simisage,Thorn Monkey Pokémon,1.1,30.5,Gluttony,Overgrow,75,9.8,50,Field,87.5,Grass
0513,Pansear,High Temp Pokémon,0.6,11.0,Gluttony,Blaze,190,24.8,50,Field,87.5,Fire
0514,Simisear,Ember Pokémon,1.0,28.0,Gluttony,Blaze,75,9.8,50,Field,87.5,Fire
0515,Panpour,Spray Pokémon,0.6,13.5,Gluttony,Torrent,190,24.8,50,Field,87.5,Water
0516,Simipour,Geyser Pokémon,1.0,29.0,Gluttony,Torrent,75,9.8,50,Field,87.5,Water
0517,Munna,Dream Eater Pokémon,0.6,23.3,Forewarn,Synchronize,190,24.8,50,Field,50.0,Psychic
0518,Musharna,Drowsing Pokémon,1.1,60.5,Forewarn,Synchronize,75,9.8,50,Field,50.0,Psychic
0519,Pidove,Tiny Pigeon Pokémon,0.3,2.1,Big Pecks,Super Luck,255,33.3,50,Flying,50.0,"Normal, Flying"
0520,Tranquill,Wild Pigeon Pokémon,0.6,15.0,Big Pecks,Super Luck,120,15.7,50,Flying,50.0,"Normal, Flying"
0521,Unfezant,Proud Pokémon,1.2,29.0,Big Pecks,Super Luck,45,5.9,50,Flying,50.0,"Normal, Flying"
0522,Blitzle,Electrified Pokémon,0.8,29.8,Lightning Rod,Motor Drive,190,24.8,50,Field,50.0,Electric
0523,Zebstrika,Thunderbolt Pokémon,1.6,79.5,Lightning Rod,Motor Drive,75,9.8,50,Field,50.0,Electric
0524,Roggenrola,Mantle Pokémon,0.4,18.0,Sturdy,Weak Armor,255,33.3,50,Mineral,50.0,Rock
0525,Boldore,Ore Pokémon,0.9,102.0,Sturdy,Weak Armor,120,15.7,50,Mineral,50.0,Rock
0526,Gigalith,Compressed Pokémon,1.7,260.0,Sturdy,Sand Stream,45,5.9,50,Mineral,50.0,Rock
0527,Woobat,Bat Pokémon,0.4,2.1,Unaware,Klutz,190,24.8,50,"Field, Flying",50.0,"Psychic, Flying"
0528,Swoobat,Courting Pokémon,0.9,10.5,Unaware,Klutz,45,5.9,50,"Field, Flying",50.0,"Psychic, Flying"
0529,Drilbur,Mole Pokémon,0.3,8.5,Sand Rush,Sand Force,120,15.7,50,Field,50.0,Ground
0530,Excadrill,Subterrene Pokémon,0.7,40.4,Sand Rush,Sand Force,60,7.8,50,Field,50.0,"Ground, Steel"
0531,Audino,Hearing Pokémon,1.1,31.0,Healer,Regenerator,255,33.3,50,Fairy,50.0,Normal
0532,Timburr,Muscular Pokémon,0.6,12.5,Guts,Sheer Force,180,23.5,70,Human-Like,75.0,Fighting
0533,Gurdurr,Muscular Pokémon,1.2,40.0,Guts,Sheer Force,90,11.8,50,Human-Like,75.0,Fighting
0534,Conkeldurr,Muscular Pokémon,1.4,87.0,Guts,Sheer Force,45,5.9,50,Human-Like,75.0,Fighting
0535,Tympole,Tadpole Pokémon,0.5,4.5,Swift Swim,Hydration,255,33.3,50,Water 1,50.0,Water
0536,Palpitoad,Vibration Pokémon,0.8,17.0,Swift Swim,Hydration,120,15.7,50,Water 1,50.0,"Water, Ground"
0537,Seismitoad,Vibration Pokémon,1.5,62.0,Swift Swim,Poison Touch,45,5.9,50,Water 1,50.0,"Water, Ground"
0538,Throh,Judo Pokémon,1.3,55.5,Guts,Inner Focus,45,5.9,50,Human-Like,100.0,Fighting
0539,Sawk,Karate Pokémon,1.4,51.0,Sturdy,Inner Focus,45,5.9,50,Human-Like,100.0,Fighting
0540,Sewaddle,Sewing Pokémon,0.3,2.5,Swarm,Chlorophyll,255,33.3,50,Bug,50.0,"Bug, Grass"
0541,Swadloon,Leaf-Wrapped Pokémon,0.5,7.3,Leaf Guard,Chlorophyll,120,15.7,50,Bug,50.0,"Bug, Grass"
0542,Leavanny,Nurturing Pokémon,1.2,20.5,Swarm,Chlorophyll,45,5.9,50,Bug,50.0,"Bug, Grass"
0543,Venipede,Centipede Pokémon,0.4,5.3,Poison Point,Swarm,255,33.3,50,Bug,50.0,"Bug, Poison"
0544,Whirlipede,Curlipede Pokémon,1.2,58.5,Poison Point,Swarm,120,15.7,50,Bug,50.0,"Bug, Poison"
0545,Scolipede,Megapede Pokémon,2.5,200.5,Poison Point,Swarm,45,5.9,50,Bug,50.0,"Bug, Poison"
0546,Cottonee,Cotton Puff Pokémon,0.3,0.6,Prankster,Infiltrator,190,24.8,50,"Fairy, Grass",50.0,"Grass, Fairy"
0547,Whimsicott,Windveiled Pokémon,0.7,6.6,Prankster,Infiltrator,75,9.8,50,"Fairy, Grass",50.0,"Grass, Fairy"
0548,Petilil,Bulb Pokémon,0.5,6.6,Chlorophyll,Own Tempo,190,24.8,50,Grass,0.0,Grass
0549,Lilligant,Flowering Pokémon,1.1,16.3,Chlorophyll,Own Tempo,75,9.8,50,Grass,0.0,Grass
0550,Basculin,Hostile Pokémon,1.0,18.0,Reckless,Adaptability,25,3.3,50,Water 2,50.0,Water
0551,Sandile,Desert Croc Pokémon,0.7,15.2,Intimidate,Moxie,180,23.5,50,Field,50.0,"Ground, Dark"
0552,Krokorok,Desert Croc Pokémon,1.0,33.4,Intimidate,Moxie,90,11.8,50,Field,50.0,"Ground, Dark"
0553,Krookodile,Intimidation Pokémon,1.5,96.3,Intimidate,Moxie,45,5.9,50,Field,50.0,"Ground, Dark"
0554,Darumaka,Zen Charm Pokémon,0.6,37.5,Hustle,Inner Focus,120,15.7,50,Field,50.0,Fire
0555,Darmanitan,Blazing Pokémon,1.3,92.9,Sheer Force,Zen Mode,60,7.8,50,Field,50.0,Fire
0556,Maractus,Cactus Pokémon,1.0,28.0,Water Absorb,Chlorophyll,255,33.3,50,Grass,50.0,Grass
0557,Dwebble,Rock Inn Pokémon,0.3,14.5,Sturdy,Shell Armor,190,24.8,50,"Bug, Mineral",50.0,"Bug, Rock"
0558,Crustle,Stone Home Pokémon,1.4,200.0,Sturdy,Shell Armor,75,9.8,50,"Bug, Mineral",50.0,"Bug, Rock"
0559,Scraggy,Shedding Pokémon,0.6,11.8,Shed Skin,Moxie,180,23.5,35,"Dragon, Field",50.0,"Dark, Fighting"
0560,Scrafty,Hoodlum Pokémon,1.1,30.0,Shed Skin,Moxie,90,11.8,50,"Dragon, Field",50.0,"Dark, Fighting"
0561,Sigilyph,Avianoid Pokémon,1.4,14.0,Wonder Skin,Magic Guard,45,5.9,50,Flying,50.0,"Psychic, Flying"
0562,Yamask,Spirit Pokémon,0.5,1.5,Mummy,-,190,24.8,50,"Amorphous, Mineral",50.0,Ghost
0563,Cofagrigus,Coffin Pokémon,1.7,76.5,Mummy,-,90,11.8,50,"Amorphous, Mineral",50.0,Ghost
0564,Tirtouga,Prototurtle Pokémon,0.7,16.5,Solid Rock,Sturdy,45,5.9,50,"Water 1, Water 3",87.5,"Water, Rock"
0565,Carracosta,Prototurtle Pokémon,1.2,81.0,Solid Rock,Sturdy,45,5.9,50,"Water 1, Water 3",87.5,"Water, Rock"
0566,Archen,First Bird Pokémon,0.5,9.5,Defeatist,-,45,5.9,50,"Flying, Water 3",87.5,"Rock, Flying"
0567,Archeops,First Bird Pokémon,1.4,32.0,Defeatist,-,45,5.9,50,"Flying, Water 3",87.5,"Rock, Flying"
0568,Trubbish,Trash Bag Pokémon,0.6,31.0,Stench,Sticky Hold,190,24.8,50,Mineral,50.0,Poison
0569,Garbodor,Trash Heap Pokémon,1.9,107.3,Stench,Weak Armor,60,7.8,50,Mineral,50.0,Poison
0570,Zorua,Tricky Fox Pokémon,0.7,12.5,Illusion,-,75,9.8,50,Field,87.5,Dark
0571,Zoroark,Illusion Fox Pokémon,1.6,81.1,Illusion,-,45,5.9,50,Field,87.5,Dark
0572,Minccino,Chinchilla Pokémon,0.4,5.8,Cute Charm,Technician,255,33.3,50,Field,25.0,Normal
0573,Cinccino,Scarf Pokémon,0.5,7.5,Cute Charm,Technician,60,7.8,50,Field,25.0,Normal
0574,Gothita,Fixation Pokémon,0.4,5.8,Frisk,Competitive,200,26.1,50,Human-Like,25.0,Psychic
0575,Gothorita,Manipulate Pokémon,0.7,18.0,Frisk,Competitive,100,13.1,50,Human-Like,25.0,Psychic
0576,Gothitelle,Astral Body Pokémon,1.5,44.0,Frisk,Competitive,50,6.5,50,Human-Like,25.0,Psychic
0577,Solosis,Cell Pokémon,0.3,1.0,Overcoat,Magic Guard,200,26.1,50,Amorphous,50.0,Psychic
0578,Duosion,Mitosis Pokémon,0.6,8.0,Overcoat,Magic Guard,100,13.1,50,Amorphous,50.0,Psychic
0579,Reuniclus,Multiplying Pokémon,1.0,20.1,Overcoat,Magic Guard,50,6.5,50,Amorphous,50.0,Psychic
0580,Ducklett,Water Bird Pokémon,0.5,5.5,Keen Eye,Big Pecks,190,24.8,50,"Flying, Water 1",50.0,"Water, Flying"
0581,Swanna,White Bird Pokémon,1.3,24.2,Keen Eye,Big Pecks,45,5.9,50,"Flying, Water 1",50.0,"Water, Flying"
0582,Vanillite,Fresh Snow Pokémon,0.4,5.7,Ice Body,Snow Cloak,255,33.3,50,Mineral,50.0,Ice
0583,Vanillish,Icy Snow Pokémon,1.1,41.0,Ice Body,Snow Cloak,120,15.7,50,Mineral,50.0,Ice
0584,Vanilluxe,Snowstorm Pokémon,1.3,57.5,Ice Body,Snow Warning,45,5.9,50,Mineral,50.0,Ice
0585,Deerling,Season Pokémon,0.6,19.5,Chlorophyll,Sap Sipper,190,24.8,50,Field,50.0,"Normal, Grass"
0586,Sawsbuck,Season Pokémon,1.9,92.5,Chlorophyll,Sap Sipper,75,9.8,50,Field,50.0,"Normal, Grass"
0587,Emolga,Sky Squirrel Pokémon,0.4,5.0,Static,Motor Drive,200,26.1,50,Field,50.0,"Electric, Flying"
0588,Karrablast,Clamping Pokémon,0.5,5.9,Swarm,Shed Skin,200,26.1,50,Bug,50.0,Bug
0589,Escavalier,Cavalry Pokémon,1.0,33.0,Swarm,Shell Armor,75,9.8,50,Bug,50.0,"Bug, Steel"
0590,Foongus,Mushroom Pokémon,0.2,1.0,Effect Spore,Regenerator,190,24.8,50,Grass,50.0,"Grass, Poison"
0591,Amoonguss,Mushroom Pokémon,0.6,10.5,Effect Spore,Regenerator,75,9.8,50,Grass,50.0,"Grass, Poison"
0592,Frillish,Floating Pokémon,1.2,33.0,Water Absorb,Cursed Body,190,24.8,50,Amorphous,50.0,"Water, Ghost"
0593,Jellicent,Floating Pokémon,2.2,135.0,Water Absorb,Cursed Body,60,7.8,50,Amorphous,50.0,"Water, Ghost"
0594,Alomomola,Caring Pokémon,1.2,31.6,Healer,Hydration,75,9.8,50,"Water 1, Water 2",50.0,Water
0595,Joltik,Attaching Pokémon,0.1,0.6,Compound Eyes,Unnerve,190,24.8,50,Bug,50.0,"Bug, Electric"
0596,Galvantula,EleSpider Pokémon,0.8,14.3,Compound Eyes,Unnerve,75,9.8,50,Bug,50.0,"Bug, Electric"
0597,Ferroseed,Thorn Seed Pokémon,0.6,18.8,Iron Barbs,-,255,33.3,50,"Grass, Mineral",50.0,"Grass, Steel"
0598,Ferrothorn,Thorn Pod Pokémon,1.0,110.0,Iron Barbs,Anticipation,90,11.8,50,"Grass, Mineral",50.0,"Grass, Steel"
0599,Klink,Gear Pokémon,0.3,21.0,Plus,Minus,130,17.0,50,Mineral,-,Steel
0600,Klang,Gear Pokémon,0.6,51.0,Plus,Minus,60,7.8,50,Mineral,-,Steel
0601,Klinklang,Gear Pokémon,0.6,81.0,Plus,Minus,30,3.9,50,Mineral,-,Steel
0602,Tynamo,EleFish Pokémon,0.2,0.3,Levitate,-,190,24.8,50,Amorphous,50.0,Electric
0603,Eelektrik,EleFish Pokémon,1.2,22.0,Levitate,-,60,7.8,50,Amorphous,50.0,Electric
0604,Eelektross,EleFish Pokémon,2.1,80.5,Levitate,-,30,3.9,50,Amorphous,50.0,Electric
0605,Elgyem,Cerebral Pokémon,0.5,9.0,Telepathy,Synchronize,255,33.3,50,Human-Like,50.0,Psychic
0606,Beheeyem,Cerebral Pokémon,1.0,34.5,Telepathy,Synchronize,90,11.8,50,Human-Like,50.0,Psychic
0607,Litwick,Candle Pokémon,0.3,3.1,Flash Fire,Flame Body,190,24.8,50,Amorphous,50.0,"Ghost, Fire"
0608,Lampent,Lamp Pokémon,0.6,13.0,Flash Fire,Flame Body,90,11.8,50,Amorphous,50.0,"Ghost, Fire"
0609,Chandelure,Luring Pokémon,1.0,34.3,Flash Fire,Flame Body,45,5.9,50,Amorphous,50.0,"Ghost, Fire"
0610,Axew,Tusk Pokémon,0.6,18.0,Rivalry,Mold Breaker,75,9.8,35,"Dragon, Monster",50.0,Dragon
0611,Fraxure,Axe Jaw Pokémon,1.0,36.0,Rivalry,Mold Breaker,60,7.8,35,"Dragon, Monster",50.0,Dragon
0612,Haxorus,Axe Jaw Pokémon,1.8,105.5,Rivalry,Mold Breaker,45,5.9,35,"Dragon, Monster",50.0,Dragon
0613,Cubchoo,Chill Pokémon,0.5,8.5,Snow Cloak,Slush Rush,120,15.7,50,Field,50.0,Ice
0614,Beartic,Freezing Pokémon,2.6,260.0,Snow Cloak,Slush Rush,60,7.8,50,Field,50.0,Ice
0615,Cryogonal,Crystallizing Pokémon,1.1,148.0,Levitate,-,25,3.3,50,Mineral,-,Ice
0616,Shelmet,Snail Pokémon,0.4,7.7,Hydration,Shell Armor,200,26.1,50,Bug,50.0,Bug
0617,Accelgor,Shell Out Pokémon,0.8,25.3,Hydration,Sticky Hold,75,9.8,50,Bug,50.0,Bug
0618,Stunfisk,Trap Pokémon,0.7,11.0,Static,Limber,75,9.8,70,"Amorphous, Water 1",50.0,"Ground, Electric"
0619,Mienfoo,Martial Arts Pokémon,0.9,20.0,Inner Focus,Regenerator,180,23.5,50,"Field, Human-Like",50.0,Fighting
0620,Mienshao,Martial Arts Pokémon,1.4,35.5,Inner Focus,Regenerator,45,5.9,50,"Field, Human-Like",50.0,Fighting
0621,Druddigon,Cave Pokémon,1.6,139.0,Rough Skin,Sheer Force,45,5.9,50,"Dragon, Monster",50.0,Dragon
0622,Golett,Automaton Pokémon,1.0,92.0,Iron Fist,Klutz,190,24.8,50,Mineral,-,"Ground, Ghost"
0623,Golurk,Automaton Pokémon,2.8,330.0,Iron Fist,Klutz,90,11.8,50,Mineral,-,"Ground, Ghost"
0624,Pawniard,Sharp Blade Pokémon,0.5,10.2,Defiant,Inner Focus,120,15.7,35,Human-Like,50.0,"Dark, Steel"
0625,Bisharp,Sword Blade Pokémon,1.6,70.0,Defiant,Inner Focus,45,5.9,35,Human-Like,50.0,"Dark, Steel"
0626,Bouffalant,Bash Buffalo Pokémon,1.6,94.6,Reckless,Sap Sipper,45,5.9,50,Field,50.0,Normal
0627,Rufflet,Eaglet Pokémon,0.5,10.5,Keen Eye,Sheer Force,190,24.8,50,Flying,100.0,"Normal, Flying"
0628,Braviary,Valiant Pokémon,1.5,41.0,Keen Eye,Sheer Force,60,7.8,50,Flying,100.0,"Normal, Flying"
0629,Vullaby,Diapered Pokémon,0.5,9.0,Big Pecks,Overcoat,190,24.8,35,Flying,0.0,"Dark, Flying"
0630,Mandibuzz,Bone Vulture Pokémon,1.2,39.5,Big Pecks,Overcoat,60,7.8,35,Flying,0.0,"Dark, Flying"
0631,Heatmor,Anteater Pokémon,1.4,58.0,Gluttony,Flash Fire,90,11.8,50,Field,50.0,Fire
0632,Durant,Iron Ant Pokémon,0.3,33.0,Swarm,Hustle,90,11.8,50,Bug,50.0,"Bug, Steel"
0633,Deino,Irate Pokémon,0.8,17.3,Hustle,-,45,5.9,35,Dragon,50.0,"Dark, Dragon"
0634,Zweilous,Hostile Pokémon,1.4,50.0,Hustle,-,45,5.9,35,Dragon,50.0,"Dark, Dragon"
0635,Hydreigon,Brutal Pokémon,1.8,160.0,Levitate,-,45,5.9,35,Dragon,50.0,"Dark, Dragon"
0636,Larvesta,Torch Pokémon,1.1,28.8,Flame Body,Swarm,45,5.9,50,Bug,50.0,"Bug, Fire"
0637,Volcarona,Sun Pokémon,1.6,46.0,Flame Body,Swarm,15,2.0,50,Bug,50.0,"Bug, Fire"
0638,Cobalion,Iron Will Pokémon,2.1,250.0,Justified,-,3,0.4,35,Undiscovered,-,"Steel, Fighting"
0639,Terrakion,Cavern Pokémon,1.9,260.0,Justified,-,3,0.4,35,Undiscovered,-,"Rock, Fighting"
0640,Virizion,Grassland Pokémon,2.0,200.0,Justified,-,3,0.4,35,Undiscovered,-,"Grass, Fighting"
0641,Tornadus,Cyclone Pokémon,1.5,63.0,Prankster,Defiant,3,0.4,90,Undiscovered,100.0,Flying
0642,Thundurus,Bolt Strike Pokémon,1.5,61.0,Prankster,Defiant,3,0.4,90,Undiscovered,100.0,"Electric, Flying"
0643,Reshiram,Vast White Pokémon,3.2,330.0,Turboblaze,-,3,0.4,0,Undiscovered,-,"Dragon, Fire"
0644,Zekrom,Deep Black Pokémon,2.9,345.0,Teravolt,-,3,0.4,0,Undiscovered,-,"Dragon, Electric"
0645,Landorus,Abundance Pokémon,1.5,68.0,Sand Force,Sheer Force,3,0.4,90,Undiscovered,100.0,"Ground, Flying"
0646,Kyurem,Boundary Pokémon,3.0,325.0,Pressure,-,3,0.4,0,Undiscovered,-,"Dragon, Ice"
0647,Keldeo,Colt Pokémon,1.4,48.5,Justified,-,3,0.4,35,Undiscovered,-,"Water, Fighting"
0648,Meloetta,Melody Pokémon,0.6,6.5,Serene Grace,-,3,0.4,100,Undiscovered,-,"Normal, Psychic"
0649,Genesect,Paleozoic Pokémon,1.5,82.5,Download,-,3,0.4,0,Undiscovered,-,"Bug, Steel"
0650,Chespin,Spiny Nut Pokémon,0.4,9.0,Overgrow,Bulletproof,45,5.9,50,Field,87.5,Grass
0651,Quilladin,Spiny Armor Pokémon,0.7,29.0,Overgrow,Bulletproof,45,5.9,50,Field,87.5,Grass
0652,Chesnaught,Spiny Armor Pokémon,1.6,90.0,Overgrow,Bulletproof,45,5.9,50,Field,87.5,"Grass, Fighting"
0653,Fennekin,Fox Pokémon,0.4,9.4,Blaze,Magician,45,5.9,50,Field,87.5,Fire
0654,Braixen,Fox Pokémon,1.0,14.5,Blaze,Magician,45,5.9,50,Field,87.5,Fire
0655,Delphox,Fox Pokémon,1.5,39.0,Blaze,Magician,45,5.9,50,Field,87.5,"Fire, Psychic"
0656,Froakie,Bubble Frog Pokémon,0.3,7.0,Torrent,Protean,45,5.9,50,Water 1,87.5,Water
0657,Frogadier,Bubble Frog Pokémon,0.6,10.9,Torrent,Protean,45,5.9,50,Water 1,87.5,Water
0658,Greninja,Ninja Pokémon,1.5,40.0,Torrent,Protean,45,5.9,50,Water 1,87.5,"Water, Dark"
0659,Bunnelby,Digging Pokémon,0.4,5.0,Pickup,Cheek Pouch,255,33.3,50,Field,50.0,Normal
0660,Diggersby,Digging Pokémon,1.0,42.4,Pickup,Cheek Pouch,127,16.6,50,Field,50.0,"Normal, Ground"
0661,Fletchling,Tiny Robin Pokémon,0.3,1.7,Big Pecks,Gale Wings,255,33.3,50,Flying,50.0,"Normal, Flying"
0662,Fletchinder,Ember Pokémon,0.7,16.0,Flame Body,Gale Wings,120,15.7,50,Flying,50.0,"Fire, Flying"
0663,Talonflame,Scorching Pokémon,1.2,24.5,Flame Body,Gale Wings,45,5.9,50,Flying,50.0,"Fire, Flying"
0664,Scatterbug,Scatterdust Pokémon,0.3,2.5,Shield Dust,Compound Eyes,255,33.3,50,Bug,50.0,Bug
0665,Spewpa,Scatterdust Pokémon,0.3,8.4,Shed Skin,Friend Guard,120,15.7,50,Bug,50.0,Bug
0666,Vivillon,Scale Pokémon,1.2,17.0,Shield Dust,Compound Eyes,45,5.9,50,Bug,50.0,"Bug, Flying"
0667,Litleo,Lion Cub Pokémon,0.6,13.5,Rivalry,Unnerve,220,28.8,50,Field,12.5,"Fire, Normal"
0668,Pyroar,Royal Pokémon,1.5,81.5,Rivalry,Unnerve,65,8.5,50,Field,12.5,"Fire, Normal"
0669,Flabébé,Single Bloom Pokémon,0.1,0.1,Flower Veil,Symbiosis,225,29.4,50,Fairy,0.0,Fairy
0670,Floette,Single Bloom Pokémon,0.2,0.9,Flower Veil,Symbiosis,120,15.7,50,Fairy,0.0,Fairy
0671,Florges,Garden Pokémon,1.1,10.0,Flower Veil,Symbiosis,45,5.9,50,Fairy,0.0,Fairy
0672,Skiddo,Mount Pokémon,0.9,31.0,Sap Sipper,Grass Pelt,200,26.1,50,Field,50.0,Grass
0673,Gogoat,Mount Pokémon,1.7,91.0,Sap Sipper,Grass Pelt,45,5.9,50,Field,50.0,Grass
0674,Pancham,Playful Pokémon,0.6,8.0,Iron Fist,Mold Breaker,220,28.8,50,"Field, Human-Like",50.0,Fighting
0675,Pangoro,Daunting Pokémon,2.1,136.0,Iron Fist,Mold Breaker,65,8.5,50,"Field, Human-Like",50.0,"Fighting, Dark"
0676,Furfrou,Poodle Pokémon,1.2,28.0,Fur Coat,-,160,20.9,50,Field,50.0,Normal
0677,Espurr,Restraint Pokémon,0.3,3.5,Keen Eye,Infiltrator,190,24.8,50,Field,50.0,Psychic
0678,Meowstic,Constraint Pokémon,0.6,8.5,Keen Eye,Infiltrator,75,9.8,50,Field,100.0,Psychic
0679,Honedge,Sword Pokémon,0.8,2.0,No Guard,-,180,23.5,50,Mineral,50.0,"Steel, Ghost"
0680,Doublade,Sword Pokémon,0.8,4.5,No Guard,-,90,11.8,50,Mineral,50.0,"Steel, Ghost"
0681,Aegislash,Royal Sword Pokémon,1.7,53.0,Stance Change,-,45,5.9,50,Mineral,50.0,"Steel, Ghost"
0682,Spritzee,Perfume Pokémon,0.2,0.5,Healer,Aroma Veil,200,26.1,50,Fairy,50.0,Fairy
0683,Aromatisse,Fragrance Pokémon,0.8,15.5,Healer,Aroma Veil,140,18.3,50,Fairy,50.0,Fairy
0684,Swirlix,Cotton Candy Pokémon,0.4,3.5,Sweet Veil,Unburden,200,26.1,50,Fairy,50.0,Fairy
0685,Slurpuff,Meringue Pokémon,0.8,5.0,Sweet Veil,Unburden,140,18.3,50,Fairy,50.0,Fairy
0686,Inkay,Revolving Pokémon,0.4,3.5,Contrary,Suction Cups,190,24.8,50,"Water 1, Water 2",50.0,"Dark, Psychic"
0687,Malamar,Overturning Pokémon,1.5,47.0,Contrary,Suction Cups,80,10.5,50,"Water 1, Water 2",50.0,"Dark, Psychic"
0688,Binacle,Two-Handed Pokémon,0.5,31.0,Sniper,Tough Claws,120,15.7,50,Water 3,50.0,"Rock, Water"
0689,Barbaracle,Collective Pokémon,1.3,96.0,Sniper,Tough Claws,45,5.9,50,Water 3,50.0,"Rock, Water"
0690,Skrelp,Mock Kelp Pokémon,0.5,7.3,Poison Point,Poison Touch,225,29.4,50,"Dragon, Water 1",50.0,"Poison, Water"
0691,Dragalge,Mock Kelp Pokémon,1.8,81.5,Poison Point,Poison Touch,55,7.2,50,"Dragon, Water 1",50.0,"Poison, Dragon"
0692,Clauncher,Water Gun Pokémon,0.5,8.3,Mega Launcher,-,225,29.4,50,"Water 1, Water 3",50.0,Water
0693,Clawitzer,Howitzer Pokémon,1.3,35.3,Mega Launcher,-,55,7.2,50,"Water 1, Water 3",50.0,Water
0694,Helioptile,Generator Pokémon,0.5,6.0,Dry Skin,Sand Veil,190,24.8,50,"Dragon, Monster",50.0,"Electric, Normal"
0695,Heliolisk,Generator Pokémon,1.0,21.0,Dry Skin,Sand Veil,75,9.8,50,"Dragon, Monster",50.0,"Electric, Normal"
0696,Tyrunt,Royal Heir Pokémon,0.8,26.0,Strong Jaw,Sturdy,45,5.9,50,"Dragon, Monster",87.5,"Rock, Dragon"
0697,Tyrantrum,Despot Pokémon,2.5,270.0,Strong Jaw,Rock Head,45,5.9,50,"Dragon, Monster",87.5,"Rock, Dragon"
0698,Amaura,Tundra Pokémon,1.3,25.2,Refrigerate,Snow Warning,45,5.9,50,Monster,87.5,"Rock, Ice"
0699,Aurorus,Tundra Pokémon,2.7,225.0,Refrigerate,Snow Warning,45,5.9,50,Monster,87.5,"Rock, Ice"
0700,Sylveon,Intertwining Pokémon,1.0,23.5,Cute Charm,Pixilate,45,5.9,50,Field,87.5,Fairy
0701,Hawlucha,Wrestling Pokémon,0.8,21.5,Limber,Unburden,100,13.1,50,"Flying, Human-Like",50.0,"Fighting, Flying"
0702,Dedenne,Antenna Pokémon,0.2,2.2,Cheek Pouch,Pickup,180,23.5,50,"Fairy, Field",50.0,"Electric, Fairy"
0703,Carbink,Jewel Pokémon,0.3,5.7,Clear Body,Sturdy,60,7.8,50,"Fairy, Mineral",-,"Rock, Fairy"
0704,Goomy,Soft Tissue Pokémon,0.3,2.8,Sap Sipper,Hydration,45,5.9,35,Dragon,50.0,Dragon
0705,Sliggoo,Soft Tissue Pokémon,0.8,17.5,Sap Sipper,Hydration,45,5.9,35,Dragon,50.0,Dragon
0706,Goodra,Dragon Pokémon,2.0,150.5,Sap Sipper,Hydration,45,5.9,35,Dragon,50.0,Dragon
0707,Klefki,Key Ring Pokémon,0.2,3.0,Prankster,Magician,75,9.8,50,Mineral,50.0,"Steel, Fairy"
0708,Phantump,Stump Pokémon,0.4,7.0,Natural Cure,Frisk,120,15.7,50,"Amorphous, Grass",50.0,"Ghost, Grass"
0709,Trevenant,Elder Tree Pokémon,1.5,71.0,Natural Cure,Frisk,60,7.8,50,"Amorphous, Grass",50.0,"Ghost, Grass"
0710,Pumpkaboo,Pumpkin Pokémon,0.4,5.0,Pickup,Frisk,120,15.7,50,Amorphous,50.0,"Ghost, Grass"
0711,Gourgeist,Pumpkin Pokémon,0.9,12.5,Pickup,Frisk,60,7.8,50,Amorphous,50.0,"Ghost, Grass"
0712,Bergmite,Ice Chunk Pokémon,1.0,99.5,Own Tempo,Ice Body,190,24.8,50,"Mineral, Monster",50.0,Ice
0713,Avalugg,Iceberg Pokémon,2.0,505.0,Own Tempo,Ice Body,55,7.2,50,"Mineral, Monster",50.0,Ice
0714,Noibat,Sound Wave Pokémon,0.5,8.0,Frisk,Infiltrator,190,24.8,50,"Dragon, Flying",50.0,"Flying, Dragon"
0715,Noivern,Sound Wave Pokémon,1.5,85.0,Frisk,Infiltrator,45,5.9,50,"Dragon, Flying",50.0,"Flying, Dragon"
0716,Xerneas,Life Pokémon,3.0,215.0,Fairy Aura,-,45,5.9,0,Undiscovered,-,Fairy
0717,Yveltal,Destruction Pokémon,5.8,203.0,Dark Aura,-,45,5.9,0,Undiscovered,-,"Dark, Flying"
Zygarde Cell,Zygarde,Order Pokémon,5.0,305.0,Aura Break,Power Construct,3,0.4,0,Undiscovered,-,"Dragon, Ground"
0719,Diancie,Jewel Pokémon,0.7,8.8,Clear Body,-,3,0.4,50,Undiscovered,-,"Rock, Fairy"
0720,Hoopa,Mischief Pokémon,0.5,9.0,Magician,-,3,0.4,100,Undiscovered,-,"Psychic, Ghost"
0721,Volcanion,Steam Pokémon,1.7,195.0,Water Absorb,-,3,0.4,100,Undiscovered,-,"Fire, Water"
0722,Rowlet,Grass Quill Pokémon,0.3,1.5,Overgrow,Long Reach,45,5.9,50,Flying,87.5,"Grass, Flying"
0723,Dartrix,Blade Quill Pokémon,0.7,16.0,Overgrow,Long Reach,45,5.9,50,Flying,87.5,"Grass, Flying"
0724,Decidueye,Arrow Quill Pokémon,1.6,36.6,Overgrow,Long Reach,45,5.9,50,Flying,87.5,"Grass, Ghost"
0725,Litten,Fire Cat Pokémon,0.4,4.3,Blaze,Intimidate,45,5.9,50,Field,87.5,Fire
0726,Torracat,Fire Cat Pokémon,0.7,25.0,Blaze,Intimidate,45,5.9,50,Field,87.5,Fire
0727,Incineroar,Heel Pokémon,1.8,83.0,Blaze,Intimidate,45,5.9,50,Field,87.5,"Fire, Dark"
0728,Popplio,Sea Lion Pokémon,0.4,7.5,Torrent,Liquid Voice,45,5.9,50,"Field, Water 1",87.5,Water
0729,Brionne,Pop Star Pokémon,0.6,17.5,Torrent,Liquid Voice,45,5.9,50,"Field, Water 1",87.5,Water
0730,Primarina,Soloist Pokémon,1.8,44.0,Torrent,Liquid Voice,45,5.9,50,"Field, Water 1",87.5,"Water, Fairy"
0731,Pikipek,Woodpecker Pokémon,0.3,1.2,Keen Eye,Skill Link,255,33.3,50,Flying,50.0,"Normal, Flying"
0732,Trumbeak,Bugle Beak Pokémon,0.6,14.8,Keen Eye,Skill Link,120,15.7,50,Flying,50.0,"Normal, Flying"
0733,Toucannon,Cannon Pokémon,1.1,26.0,Keen Eye,Skill Link,45,5.9,50,Flying,50.0,"Normal, Flying"
0734,Yungoos,Loitering Pokémon,0.4,6.0,Strong Jaw,Stakeout,255,33.3,50,Field,50.0,Normal
0735,Gumshoos,Stakeout Pokémon,0.7,14.2,Strong Jaw,Stakeout,127,16.6,50,Field,50.0,Normal
0736,Grubbin,Larva Pokémon,0.4,4.4,Swarm,-,255,33.3,50,Bug,50.0,Bug
0737,Charjabug,Battery Pokémon,0.5,10.5,Battery,-,120,15.7,50,Bug,50.0,"Bug, Electric"
0738,Vikavolt,Stag Beetle Pokémon,1.5,45.0,Levitate,-,45,5.9,50,Bug,50.0,"Bug, Electric"
0739,Crabrawler,Boxing Pokémon,0.6,7.0,Hyper Cutter,Iron Fist,225,29.4,50,Water 3,50.0,Fighting
0740,Crabominable,Woolly Crab Pokémon,1.7,180.0,Hyper Cutter,Iron Fist,60,7.8,50,Water 3,50.0,"Fighting, Ice"
0741,Oricorio,Dancing Pokémon,0.6,3.4,Dancer,-,45,5.9,50,Flying,25.0,"Fire, Flying"
0742,Cutiefly,Bee Fly Pokémon,0.1,0.2,Honey Gather,Shield Dust,190,24.8,50,"Bug, Fairy",50.0,"Bug, Fairy"
0743,Ribombee,Bee Fly Pokémon,0.2,0.5,Honey Gather,Shield Dust,75,9.8,50,"Bug, Fairy",50.0,"Bug, Fairy"
0744,Rockruff,Puppy Pokémon,0.5,9.2,Keen Eye,Vital Spirit,190,24.8,50,Field,50.0,Rock
0745,Lycanroc,Wolf Pokémon,0.8,25.0,Keen Eye,Sand Rush,90,11.8,50,Field,50.0,Rock
0746,Wishiwashi,Small Fry Pokémon,0.2,0.3,Schooling,-,60,7.8,50,Water 2,50.0,Water
0747,Mareanie,Brutal Star Pokémon,0.4,8.0,Merciless,Limber,190,24.8,50,Water 1,50.0,"Poison, Water"
0748,Toxapex,Brutal Star Pokémon,0.7,14.5,Merciless,Limber,75,9.8,50,Water 1,50.0,"Poison, Water"
0749,Mudbray,Donkey Pokémon,1.0,110.0,Own Tempo,Stamina,190,24.8,50,Field,50.0,Ground
0750,Mudsdale,Draft Horse Pokémon,2.5,920.0,Own Tempo,Stamina,60,7.8,50,Field,50.0,Ground
0751,Dewpider,Water Bubble Pokémon,0.3,4.0,Water Bubble,Water Absorb,200,26.1,50,"Bug, Water 1",50.0,"Water, Bug"
0752,Araquanid,Water Bubble Pokémon,1.8,82.0,Water Bubble,Water Absorb,100,13.1,50,"Bug, Water 1",50.0,"Water, Bug"
0753,Fomantis,Sickle Grass Pokémon,0.3,1.5,Leaf Guard,Contrary,190,24.8,50,Grass,50.0,Grass
0754,Lurantis,Bloom Sickle Pokémon,0.9,18.5,Leaf Guard,Contrary,75,9.8,50,Grass,50.0,Grass
0755,Morelull,Illuminating Pokémon,0.2,1.5,Illuminate,Effect Spore,190,24.8,50,Grass,50.0,"Grass, Fairy"
0756,Shiinotic,Illuminating Pokémon,1.0,11.5,Illuminate,Effect Spore,75,9.8,50,Grass,50.0,"Grass, Fairy"
0757,Salandit,Toxic Lizard Pokémon,0.6,4.8,Corrosion,Oblivious,120,15.7,50,"Dragon, Monster",87.5,"Poison, Fire"
0758,Salazzle,Toxic Lizard Pokémon,1.2,22.2,Corrosion,Oblivious,45,5.9,50,"Dragon, Monster",0.0,"Poison, Fire"
0759,Stufful,Flailing Pokémon,0.5,6.8,Fluffy,Klutz,140,18.3,50,Field,50.0,"Normal, Fighting"
0760,Bewear,Strong Arm Pokémon,2.1,135.0,Fluffy,Klutz,70,9.1,50,Field,50.0,"Normal, Fighting"
0761,Bounsweet,Fruit Pokémon,0.3,3.2,Leaf Guard,Oblivious,235,30.7,50,Grass,0.0,Grass
0762,Steenee,Fruit Pokémon,0.7,8.2,Leaf Guard,Oblivious,120,15.7,50,Grass,0.0,Grass
0763,Tsareena,Fruit Pokémon,1.2,21.4,Leaf Guard,Queenly Majesty,45,5.9,50,Grass,0.0,Grass
0764,Comfey,Posy Picker Pokémon,0.1,0.3,Flower Veil,Triage,60,7.8,50,Grass,25.0,Fairy
0765,Oranguru,Sage Pokémon,1.5,76.0,Inner Focus,Telepathy,45,5.9,50,Field,50.0,"Normal, Psychic"
0766,Passimian,Teamwork Pokémon,2.0,82.8,Receiver,Defiant,45,5.9,50,Field,50.0,Fighting
0767,Wimpod,Turn Tail Pokémon,0.5,12.0,Wimp Out,-,90,11.8,50,"Bug, Water 3",50.0,"Bug, Water"
0768,Golisopod,Hard Scale Pokémon,2.0,108.0,Emergency Exit,-,45,5.9,50,"Bug, Water 3",50.0,"Bug, Water"
0769,Sandygast,Sand Heap Pokémon,0.5,70.0,Water Compaction,Sand Veil,140,18.3,50,Amorphous,50.0,"Ghost, Ground"
0770,Palossand,Sand Castle Pokémon,1.3,250.0,Water Compaction,Sand Veil,60,7.8,50,Amorphous,50.0,"Ghost, Ground"
0771,Pyukumuku,Sea Cucumber Pokémon,0.3,1.2,Innards Out,Unaware,60,7.8,50,Water 1,50.0,Water
0772,Type: Null,Synthetic Pokémon,1.9,120.5,Battle Armor,-,3,0.4,0,Undiscovered,-,Normal
0773,Silvally,Synthetic Pokémon,2.3,100.5,RKS System,-,3,0.4,0,Undiscovered,-,Normal
0774,Minior,Meteor Pokémon,0.3,40.0,Shields Down,-,30,3.9,50,Mineral,-,"Rock, Flying"
0775,Komala,Drowsing Pokémon,0.4,19.9,Comatose,-,45,5.9,50,Field,50.0,Normal
0776,Turtonator,Blast Turtle Pokémon,2.0,212.0,Shell Armor,-,70,9.1,50,"Dragon, Monster",50.0,"Fire, Dragon"
0777,Togedemaru,Roly-Poly Pokémon,0.3,3.3,Iron Barbs,Lightning Rod,180,23.5,50,"Fairy, Field",50.0,"Electric, Steel"
0778,Mimikyu,Disguise Pokémon,0.2,0.7,Disguise,-,45,5.9,50,Amorphous,50.0,"Ghost, Fairy"
0779,Bruxish,Gnash Teeth Pokémon,0.9,19.0,Dazzling,Strong Jaw,80,10.5,50,Water 2,50.0,"Water, Psychic"
0780,Drampa,Placid Pokémon,3.0,185.0,Berserk,Sap Sipper,70,9.1,50,"Dragon, Monster",50.0,"Normal, Dragon"
0781,Dhelmise,Sea Creeper Pokémon,3.9,210.0,Steelworker,-,25,3.3,50,Mineral,-,"Ghost, Grass"
0782,Jangmo-o,Scaly Pokémon,0.6,29.7,Bulletproof,Soundproof,45,5.9,50,Dragon,50.0,Dragon
0783,Hakamo-o,Scaly Pokémon,1.2,47.0,Bulletproof,Soundproof,45,5.9,50,Dragon,50.0,"Dragon, Fighting"
0784,Kommo-o,Scaly Pokémon,1.6,78.2,Bulletproof,Soundproof,45,5.9,50,Dragon,50.0,"Dragon, Fighting"
0785,Tapu Koko,Land Spirit Pokémon,1.8,20.5,Electric Surge,Telepathy,3,0.4,50,Undiscovered,-,"Electric, Fairy"
0786,Tapu Lele,Land Spirit Pokémon,1.2,18.6,Psychic Surge,Telepathy,3,0.4,50,Undiscovered,-,"Psychic, Fairy"
0787,Tapu Bulu,Land Spirit Pokémon,1.9,45.5,Grassy Surge,Telepathy,3,0.4,50,Undiscovered,-,"Grass, Fairy"
0788,Tapu Fini,Land Spirit Pokémon,1.3,21.2,Misty Surge,Telepathy,3,0.4,50,Undiscovered,-,"Water, Fairy"
0789,Cosmog,Nebula Pokémon,0.2,0.1,Unaware,-,45,5.9,0,Undiscovered,-,Psychic
0790,Cosmoem,Protostar Pokémon,0.1,999.9,Sturdy,-,45,5.9,0,Undiscovered,-,Psychic
0791,Solgaleo,Sunne Pokémon,3.4,230.0,Full Metal Body,-,45,5.9,0,Undiscovered,-,"Psychic, Steel"
0792,Lunala,Moone Pokémon,4.0,120.0,Shadow Shield,-,45,5.9,0,Undiscovered,-,"Psychic, Ghost"
0793,Nihilego,Parasite Pokémon,1.2,55.5,Beast Boost,-,45,5.9,0,Undiscovered,-,"Rock, Poison"
0794,Buzzwole,Swollen Pokémon,2.4,333.6,Beast Boost,-,45,5.9,0,Undiscovered,-,"Bug, Fighting"
0795,Pheromosa,Lissome Pokémon,1.8,25.0,Beast Boost,-,45,5.9,0,Undiscovered,-,"Bug, Fighting"
0796,Xurkitree,Glowing Pokémon,3.8,100.0,Beast Boost,-,45,5.9,0,Undiscovered,-,Electric
0797,Celesteela,Launch Pokémon,9.2,999.9,Beast Boost,-,45,5.9,0,Undiscovered,-,"Steel, Flying"
0798,Kartana,Drawn Sword Pokémon,0.3,0.1,Beast Boost,-,45,5.9,0,Undiscovered,-,"Grass, Steel"
0799,Guzzlord,Junkivore Pokémon,5.5,888.0,Beast Boost,-,45,5.9,0,Undiscovered,-,"Dark, Dragon"
0800,Necrozma,Prism Pokémon,2.4,230.0,Prism Armor,-,255,33.3,0,Undiscovered,-,Psychic
0801,Magearna,Artificial Pokémon,1.0,80.5,Soul-Heart,-,3,0.4,0,Undiscovered,-,"Steel, Fairy"
0802,Marshadow,Gloomdweller Pokémon,0.7,22.2,Technician,-,3,0.4,0,Undiscovered,-,"Fighting, Ghost"
0803,Poipole,Poison Pin Pokémon,0.6,1.8,Beast Boost,-,45,5.9,0,Undiscovered,-,Poison
0804,Naganadel,Poison Pin Pokémon,3.6,150.0,Beast Boost,-,45,5.9,0,Undiscovered,-,"Poison, Dragon"
0805,Stakataka,Rampart Pokémon,5.5,820.0,Beast Boost,-,30,3.9,0,Undiscovered,-,"Rock, Steel"
0806,Blacephalon,Fireworks Pokémon,1.8,13.0,Beast Boost,-,30,3.9,0,Undiscovered,-,"Fire, Ghost"
0807,Zeraora,Thunderclap Pokémon,1.5,44.5,Volt Absorb,-,3,0.4,0,Undiscovered,-,Electric
0808,Meltan,Hex Nut Pokémon,0.2,8.0,Magnet Pull,-,3,0.4,0,Undiscovered,-,Steel
0809,Melmetal,Hex Nut Pokémon,2.5,800.0,Iron Fist,-,3,0.4,0,Undiscovered,-,Steel
0810,Grookey,Chimp Pokémon,0.3,5.0,Overgrow,Grassy Surge,45,5.9,50,"Field, Grass",87.5,Grass
0811,Thwackey,Beat Pokémon,0.7,14.0,Overgrow,Grassy Surge,45,5.9,50,"Field, Grass",87.5,Grass
0812,Rillaboom,Drummer Pokémon,2.1,90.0,Overgrow,Grassy Surge,45,5.9,50,"Field, Grass",87.5,Grass
0813,Scorbunny,Rabbit Pokémon,0.3,4.5,Blaze,Libero,45,5.9,50,"Field, Human-Like",87.5,Fire
0814,Raboot,Rabbit Pokémon,0.6,9.0,Blaze,Libero,45,5.9,50,"Field, Human-Like",87.5,Fire
0815,Cinderace,Striker Pokémon,1.4,33.0,Blaze,Libero,45,5.9,50,"Field, Human-Like",87.5,Fire
0816,Sobble,Water Lizard Pokémon,0.3,4.0,Torrent,Sniper,45,5.9,50,"Field, Water 1",87.5,Water
0817,Drizzile,Water lizard Pokémon,0.7,11.5,Torrent,Sniper,45,5.9,50,"Field, Water 1",87.5,Water
0818,Inteleon,Secret Agent Pokémon,1.9,45.2,Torrent,Sniper,45,5.9,50,"Field, Water 1",87.5,Water
0819,Skwovet,Cheeky Pokémon,0.3,2.5,Cheek Pouch,Gluttony,255,33.3,50,Field,50.0,Normal
0820,Greedent,Greedy Pokémon,0.6,6.0,Cheek Pouch,Gluttony,90,11.8,50,Field,50.0,Normal
0821,Rookidee,Tiny Bird Pokémon,0.2,1.8,Keen Eye,Unnerve,255,33.3,50,Flying,50.0,Flying
0822,Corvisquire,Raven Pokémon,0.8,16.0,Keen Eye,Unnerve,120,15.7,50,Flying,50.0,Flying
0823,Corviknight,Raven Pokémon,2.2,75.0,Pressure,Unnerve,45,5.9,50,Flying,50.0,"Flying, Steel"
0824,Blipbug,Larva Pokémon,0.4,8.0,Swarm,Compound Eyes,255,33.3,50,Bug,50.0,Bug
0825,Dottler,Radome Pokémon,0.4,19.5,Swarm,Compound Eyes,120,15.7,50,Bug,50.0,"Bug, Psychic"
0826,Orbeetle,Seven Spot Pokémon,0.4,40.8,Swarm,Frisk,45,5.9,50,Bug,50.0,"Bug, Psychic"
0827,Nickit,Fox Pokémon,0.6,8.9,Run Away,Unburden,255,33.3,50,Field,50.0,Dark
0828,Thievul,Fox Pokémon,1.2,19.9,Run Away,Unburden,127,16.6,50,Field,50.0,Dark
0829,Gossifleur,Flowering Pokémon,0.4,2.2,Cotton Down,Regenerator,190,24.8,50,Grass,50.0,Grass
0830,Eldegoss,Cotton Bloom Pokémon,0.5,2.5,Cotton Down,Regenerator,75,9.8,50,Grass,50.0,Grass
0831,Wooloo,Sheep Pokémon,0.6,6.0,Fluffy,Run Away,255,33.3,50,Field,50.0,Normal
0832,Dubwool,Sheep Pokémon,1.3,43.0,Fluffy,Steadfast,127,16.6,50,Field,50.0,Normal
0833,Chewtle,Snapping Pokémon,0.3,8.5,Strong Jaw,Shell Armor,255,33.3,50,"Monster, Water 1",50.0,Water
0834,Drednaw,Bite Pokémon,1.0,115.5,Strong Jaw,Shell Armor,75,9.8,50,"Monster, Water 1",50.0,"Water, Rock"
0835,Yamper,Puppy Pokémon,0.3,13.5,Ball Fetch,Rattled,255,33.3,50,Field,50.0,Electric
0836,Boltund,Dog Pokémon,1.0,34.0,Strong Jaw,Competitive,45,5.9,50,Field,50.0,Electric
0837,Rolycoly,Coal Pokémon,0.3,12.0,Steam Engine,Heatproof,255,33.3,50,Mineral,50.0,Rock
0838,Carkol,Coal Pokémon,1.1,78.0,Steam Engine,Flame Body,120,15.7,50,Mineral,50.0,"Rock, Fire"
0839,Coalossal,Coal Pokémon,2.8,310.5,Steam Engine,Flame Body,45,5.9,50,Mineral,50.0,"Rock, Fire"
0840,Applin,Apple Core Pokémon,0.2,0.5,Ripen,Gluttony,255,33.3,50,"Dragon, Grass",50.0,"Grass, Dragon"
0841,Flapple,Apple Wing Pokémon,0.3,1.0,Ripen,Gluttony,45,5.9,50,"Dragon, Grass",50.0,"Grass, Dragon"
0842,Appletun,Apple Nectar Pokémon,0.4,13.0,Ripen,Gluttony,45,5.9,50,"Dragon, Grass",50.0,"Grass, Dragon"
0843,Silicobra,Sand Snake Pokémon,2.2,7.6,Sand Spit,Shed Skin,255,33.3,50,"Dragon, Field",50.0,Ground
0844,Sandaconda,Sand Snake Pokémon,3.8,65.5,Sand Spit,Shed Skin,120,15.7,50,"Dragon, Field",50.0,Ground
0845,Cramorant,Gulp Pokémon,0.8,18.0,Gulp Missile,-,45,5.9,50,"Flying, Water 1",50.0,"Flying, Water"
0846,Arrokuda,Rush Pokémon,0.5,1.0,Swift Swim,Propeller Tail,255,33.3,50,Water 2,50.0,Water
0847,Barraskewda,Skewer Pokémon,1.3,30.0,Swift Swim,Propeller Tail,60,7.8,50,Water 2,50.0,Water
Low Key Form,Toxel,Baby Pokémon,0.4,11.0,Rattled,Static,75,9.8,50,Undiscovered,50.0,"Electric, Poison"
Amped Form,Toxtricity,Punk Pokémon,1.6,40.0,Punk Rock,Plus,45,5.9,50,Human-Like,50.0,"Electric, Poison"
0850,Sizzlipede,Radiator Pokémon,0.7,1.0,Flash Fire,White Smoke,190,24.8,50,Bug,50.0,"Fire, Bug"
0851,Centiskorch,Radiator Pokémon,3.0,120.0,Flash Fire,White Smoke,75,9.8,50,Bug,50.0,"Fire, Bug"
0852,Clobbopus,Tantrum Pokémon,0.6,4.0,Limber,Technician,180,23.5,50,"Human-Like, Water 1",50.0,Fighting
0853,Grapploct,Tantrum Pokémon,1.6,39.0,Limber,Technician,45,5.9,50,"Human-Like, Water 1",50.0,Fighting
0854,Sinistea,Black Tea Pokémon,0.1,0.2,Weak Armor,Cursed Body,120,15.7,50,"Amorphous, Mineral",-,Ghost
0855,Polteageist,Black Tea Pokémon,0.2,0.4,Weak Armor,Cursed Body,60,7.8,50,"Amorphous, Mineral",-,Ghost
0856,Hatenna,Calm Pokémon,0.4,3.4,Healer,Anticipation,235,30.7,50,Fairy,0.0,Psychic
0857,Hattrem,Serene Pokémon,0.6,4.8,Healer,Anticipation,120,15.7,50,Fairy,0.0,Psychic
0858,Hatterene,Silent Pokémon,2.1,5.1,Healer,Anticipation,45,5.9,50,Fairy,0.0,"Psychic, Fairy"
0859,Impidimp,Wily Pokémon,0.4,5.5,Prankster,Frisk,255,33.3,50,"Fairy, Human-Like",100.0,"Dark, Fairy"
0860,Morgrem,Devious Pokémon,0.8,12.5,Prankster,Frisk,120,15.7,50,"Fairy, Human-Like",100.0,"Dark, Fairy"
0861,Grimmsnarl,Bulk Up Pokémon,1.5,61.0,Prankster,Frisk,45,5.9,50,"Fairy, Human-Like",100.0,"Dark, Fairy"
0862,Obstagoon,Blocking Pokémon,1.6,46.0,Reckless,Guts,45,5.9,50,Field,50.0,"Dark, Normal"
0863,Perrserker,Viking Pokémon,0.8,28.0,Battle Armor,Tough Claws,90,11.8,50,Field,50.0,Steel
0864,Cursola,Coral Pokémon,1.0,0.4,Weak Armor,Perish Body,30,3.9,50,"Water 1, Water 3",25.0,Ghost
0865,Sirfetch'd,Wild Duck Pokémon,0.8,117.0,Steadfast,Scrappy,45,5.9,50,"Field, Flying",50.0,Fighting
0866,Mr. Rime,Comedian Pokémon,1.5,58.2,Tangled Feet,Screen Cleaner,45,5.9,50,Human-Like,50.0,"Ice, Psychic"
0867,Runerigus,Grudge Pokémon,1.6,66.6,Wandering Spirit,-,90,11.8,50,"Amorphous, Mineral",50.0,"Ground, Ghost"
0868,Milcery,Cream Pokémon,0.2,0.3,Sweet Veil,Aroma Veil,200,26.1,50,"Amorphous, Fairy",0.0,Fairy
0869,Alcremie,Cream Pokémon,0.3,0.5,Sweet Veil,Aroma Veil,100,13.1,50,"Amorphous, Fairy",0.0,Fairy
0870,Falinks,Formation Pokémon,3.0,62.0,Battle Armor,Defiant,45,5.9,50,"Fairy, Mineral",-,Fighting
0871,Pincurchin,Sea Urchin Pokémon,0.3,1.0,Lightning Rod,Electric Surge,75,9.8,50,"Amorphous, Water 1",50.0,Electric
0872,Snom,Worm Pokémon,0.3,3.8,Shield Dust,Ice Scales,190,24.8,50,Bug,50.0,"Ice, Bug"
0873,Frosmoth,Frost Moth Pokémon,1.3,42.0,Shield Dust,Ice Scales,75,9.8,50,Bug,50.0,"Ice, Bug"
0874,Stonjourner,Big Rock Pokémon,2.5,520.0,Power Spot,-,60,7.8,50,Mineral,50.0,Rock
0875,Eiscue,Penguin Pokémon,1.4,89.0,Ice Face,-,60,7.8,50,"Field, Water 1",50.0,Ice
0876,Indeedee,Emotion Pokémon,0.9,28.0,Inner Focus,Synchronize,30,3.9,140,Fairy,100.0,"Psychic, Normal"
0877,Morpeko,Two-Sided Pokémon,0.3,3.0,Hunger Switch,-,180,23.5,50,"Fairy, Field",50.0,"Electric, Dark"
0878,Cufant,Copperderm Pokémon,1.2,100.0,Sheer Force,Heavy Metal,190,24.8,50,"Field, Mineral",50.0,Steel
0879,Copperajah,Copperderm Pokémon,3.0,650.0,Sheer Force,Heavy Metal,90,11.8,50,"Field, Mineral",50.0,Steel
0880,Dracozolt,Fossil Pokémon,1.8,190.0,Volt Absorb,Hustle,45,5.9,50,Undiscovered,-,"Electric, Dragon"
0881,Arctozolt,Fossil Pokémon,2.3,150.0,Volt Absorb,Static,45,5.9,50,Undiscovered,-,"Electric, Ice"
0882,Dracovish,Fossil Pokémon,2.3,215.0,Water Absorb,Strong Jaw,45,5.9,50,Undiscovered,-,"Water, Dragon"
0883,Arctovish,Fossil Pokémon,2.0,175.0,Water Absorb,Ice Body,45,5.9,50,Undiscovered,-,"Water, Ice"
0884,Duraludon,Alloy Pokémon,1.8,40.0,Light Metal,Heavy Metal,45,5.9,50,"Dragon, Mineral",50.0,"Steel, Dragon"
0885,Dreepy,Lingering Pokémon,0.5,2.0,Clear Body,Infiltrator,45,5.9,50,"Amorphous, Dragon",50.0,"Dragon, Ghost"
0886,Drakloak,Caretaker Pokémon,1.4,11.0,Clear Body,Infiltrator,45,5.9,50,"Amorphous, Dragon",50.0,"Dragon, Ghost"
0887,Dragapult,Stealth Pokémon,3.0,50.0,Clear Body,Infiltrator,45,5.9,50,"Amorphous, Dragon",50.0,"Dragon, Ghost"
0888,Zacian,Warrior Pokémon,2.8,110.0,Intrepid Sword,-,10,1.3,0,Undiscovered,-,Fairy
0889,Zamazenta,Warrior Pokémon,2.9,210.0,Dauntless Shield,-,10,1.3,0,Undiscovered,-,Fighting
0890,Eternatus,Gigantic Pokémon,20.0,950.0,Pressure,-,255,33.3,0,Undiscovered,-,"Poison, Dragon"
0891,Kubfu,Wushu Pokémon,0.6,12.0,Inner Focus,-,3,0.4,50,Undiscovered,87.5,Fighting
0892,Urshifu,Wushu Pokémon,1.9,105.0,Unseen Fist,-,3,0.4,50,Undiscovered,87.5,"Fighting, Dark"
0893,Zarude,Rogue Monkey Pokémon,1.8,70.0,Leaf Guard,-,3,0.4,0,Undiscovered,-,"Dark, Grass"
0894,Regieleki,Electron Pokémon,1.2,145.0,Transistor,-,3,0.4,35,Undiscovered,-,Electric
0895,Regidrago,Dragon Orb Pokémon,2.1,200.0,Dragon's Maw,-,3,0.4,35,Undiscovered,-,Dragon
0896,Glastrier,Wild Horse Pokémon,2.2,800.0,Chilling Neigh,-,3,0.4,35,Undiscovered,-,Ice
0897,Spectrier,Swift Horse Pokémon,2.0,44.5,Grim Neigh,-,3,0.4,35,Undiscovered,-,Ghost
0898,Calyrex,King Pokémon,1.1,7.7,Unnerve,-,3,0.4,100,Undiscovered,-,"Psychic, Grass"
0899,Wyrdeer,Big Horn Pokémon,1.8,95.1,Intimidate,Frisk,45,5.9,50,Field,50.0,"Normal, Psychic"
0900,Kleavor,Axe Pokémon,1.8,89.0,Swarm,Sheer Force,15,2.0,50,Bug,50.0,"Bug, Rock"
0901,Ursaluna,Peat Pokémon,2.4,290.0,Guts,Bulletproof,20,2.6,50,Field,50.0,"Ground, Normal"
0902,Basculegion,Big Fish Pokémon,3.0,110.0,Swift Swim,Adaptability,45,5.9,50,Water 2,100.0,"Water, Ghost"
0903,Sneasler,Free Climb Pokémon,1.3,43.0,Pressure,Unburden,20,2.6,50,Field,50.0,"Fighting, Poison"
0904,Overqwil,Pin Cluster Pokémon,2.5,60.5,Poison Point,Swift Swim,45,5.9,50,Water 2,50.0,"Dark, Poison"
0905,Enamorus,Love-Hate Pokémon,1.6,48.0,Cute Charm,Contrary,3,0.4,50,Undiscovered,0.0,"Fairy, Flying"
0906,Sprigatito,Grass Cat Pokémon,0.4,4.1,Overgrow,Protean,45,5.9,50,"Field, Grass",87.5,Grass
0907,Floragato,Grass Cat Pokémon,0.9,12.2,Overgrow,Protean,45,5.9,50,"Field, Grass",87.5,Grass
0908,Meowscarada,Magician Pokémon,1.5,31.2,Overgrow,Protean,45,5.9,50,"Field, Grass",87.5,"Grass, Dark"
0909,Fuecoco,Fire Croc Pokémon,0.4,9.8,Blaze,Unaware,45,5.9,50,Field,87.5,Fire
0910,Crocalor,Fire Croc Pokémon,1.0,30.7,Blaze,Unaware,45,5.9,50,Field,87.5,Fire
0911,Skeledirge,Singer Pokémon,1.6,326.5,Blaze,Unaware,45,5.9,50,Field,87.5,"Fire, Ghost"
0912,Quaxly,Duckling Pokémon,0.5,6.1,Torrent,Moxie,45,5.9,50,"Flying, Water 1",87.5,Water
0913,Quaxwell,Practicing Pokémon,1.2,21.5,Torrent,Moxie,45,5.9,50,"Flying, Water 1",87.5,Water
0914,Quaquaval,Dancer Pokémon,1.8,61.9,Torrent,Moxie,45,5.9,50,"Flying, Water 1",87.5,"Water, Fighting"
0915,Lechonk,Hog Pokémon,0.5,10.2,Aroma Veil,Gluttony,255,33.3,50,Field,50.0,Normal
0916,Oinkologne,Hog Pokémon,1.0,120.0,Lingering Aroma,Gluttony,100,13.1,50,Field,100.0,Normal
0917,Tarountula,String Ball Pokémon,0.3,4.0,Insomnia,Stakeout,255,33.3,50,Bug,50.0,Bug
0918,Spidops,Trap Pokémon,1.0,16.5,Insomnia,Stakeout,120,15.7,50,Bug,50.0,Bug
0919,Nymble,Grasshopper Pokémon,0.2,1.0,Swarm,Tinted Lens,190,24.8,20,Bug,50.0,Bug
0920,Lokix,Grasshopper Pokémon,1.0,17.5,Swarm,Tinted Lens,30,3.9,0,Bug,50.0,"Bug, Dark"
0921,Pawmi,Mouse Pokémon,0.3,2.5,Static,Natural Cure,190,24.8,50,Field,50.0,Electric
0922,Pawmo,Mouse Pokémon,0.4,6.5,Volt Absorb,Natural Cure,80,10.5,50,Field,50.0,"Electric, Fighting"
0923,Pawmot,Hands-On Pokémon,0.9,41.0,Volt Absorb,Natural Cure,45,5.9,50,Field,50.0,"Electric, Fighting"
0924,Tandemaus,Couple Pokémon,0.3,1.8,Run Away,Pickup,150,19.6,50,"Fairy, Field",-,Normal
0925,Maushold,Family Pokémon,0.3,2.8,Friend Guard,Cheek Pouch,75,9.8,50,"Fairy, Field",-,Normal
0926,Fidough,Puppy Pokémon,0.3,10.9,Own Tempo,Klutz,190,24.8,50,"Field, Mineral",50.0,Fairy
0927,Dachsbun,Dog Pokémon,0.5,14.9,Well-Baked Body,Aroma Veil,90,11.8,50,"Field, Mineral",50.0,Fairy
0928,Smoliv,Olive Pokémon,0.3,6.5,Early Bird,Harvest,255,33.3,50,Grass,50.0,"Grass, Normal"
0929,Dolliv,Olive Pokémon,0.6,11.9,Early Bird,Harvest,120,15.7,50,Grass,50.0,"Grass, Normal"
0930,Arboliva,Olive Pokémon,1.4,48.2,Seed Sower,Harvest,45,5.9,50,Grass,50.0,"Grass, Normal"
0931,Squawkabilly,Parrot Pokémon,0.6,2.4,Intimidate,Hustle,190,24.8,50,Flying,50.0,"Normal, Flying"
0932,Nacli,Rock Salt Pokémon,0.4,16.0,Purifying Salt,Sturdy,255,33.3,50,Mineral,50.0,Rock
0933,Naclstack,Rock Salt Pokémon,0.6,105.0,Purifying Salt,Sturdy,120,15.7,50,Mineral,50.0,Rock
0934,Garganacl,Rock Salt Pokémon,2.3,240.0,Purifying Salt,Sturdy,45,5.9,50,Mineral,50.0,Rock
0935,Charcadet,Fire Child Pokémon,0.6,10.5,Flash Fire,Flame Body,90,11.8,50,Human-Like,50.0,Fire
0936,Armarouge,Fire Warrior Pokémon,1.5,85.0,Flash Fire,Weak Armor,25,3.3,20,Human-Like,50.0,"Fire, Psychic"
0937,Ceruledge,Fire Blades Pokémon,1.6,62.0,Flash Fire,Weak Armor,25,3.3,20,Human-Like,50.0,"Fire, Ghost"
0938,Tadbulb,EleTadpole Pokémon,0.3,0.4,Own Tempo,Static,190,24.8,50,Water 1,50.0,Electric
0939,Bellibolt,EleFrog Pokémon,1.2,113.0,Electromorphosis,Static,50,6.5,50,Water 1,50.0,Electric
0940,Wattrel,Storm Petrel Pokémon,0.4,3.6,Wind Power,Volt Absorb,180,23.5,50,"Flying, Water 1",50.0,"Electric, Flying"
0941,Kilowattrel,Frigatebird Pokémon,1.4,38.6,Wind Power,Volt Absorb,90,11.8,50,"Flying, Water 1",50.0,"Electric, Flying"
0942,Maschiff,Rascal Pokémon,0.5,16.0,Intimidate,Run Away,150,19.6,50,Field,50.0,Dark
0943,Mabosstiff,Boss Pokémon,1.1,61.0,Intimidate,Guard Dog,75,9.8,50,Field,50.0,Dark
0944,Shroodle,Toxic Mouse Pokémon,0.2,0.7,Unburden,Pickpocket,190,24.8,50,Field,50.0,"Poison, Normal"
0945,Grafaiai,Toxic Monkey Pokémon,0.7,27.2,Unburden,Poison Touch,90,11.8,50,Field,50.0,"Poison, Normal"
0946,Bramblin,Tumbleweed Pokémon,0.6,0.6,Wind Rider,Infiltrator,190,24.8,50,Grass,50.0,"Grass, Ghost"
0947,Brambleghast,Tumbleweed Pokémon,1.2,6.0,Wind Rider,Infiltrator,45,5.9,50,Grass,50.0,"Grass, Ghost"
0948,Toedscool,Woodear Pokémon,0.9,33.0,Mycelium Might,-,190,24.8,50,Grass,50.0,"Ground, Grass"
0949,Toedscruel,Woodear Pokémon,1.9,58.0,Mycelium Might,-,90,11.8,50,Grass,50.0,"Ground, Grass"
0950,Klawf,Ambush Pokémon,1.3,79.0,Anger Shell,Shell Armor,120,15.7,50,Water 3,50.0,Rock
0951,Capsakid,Spicy Pepper Pokémon,0.3,3.0,Chlorophyll,Insomnia,190,24.8,50,Grass,50.0,Grass
0952,Scovillain,Spicy Pepper Pokémon,0.9,15.0,Chlorophyll,Insomnia,75,9.8,50,Grass,50.0,"Grass, Fire"
0953,Rellor,Rolling Pokémon,0.2,1.0,Compound Eyes,Shed Skin,190,24.8,50,Bug,50.0,Bug
0954,Rabsca,Rolling Pokémon,0.3,3.5,Synchronize,Telepathy,45,5.9,50,Bug,50.0,"Bug, Psychic"
0955,Flittle,Frill Pokémon,0.2,1.5,Anticipation,Frisk,120,15.7,50,Flying,50.0,Psychic
0956,Espathra,Ostrich Pokémon,1.9,90.0,Opportunist,Frisk,60,7.8,50,Flying,50.0,Psychic
0957,Tinkatink,Metalsmith Pokémon,0.4,8.9,Mold Breaker,Own Tempo,190,24.8,50,Fairy,0.0,"Fairy, Steel"
0958,Tinkatuff,Hammer Pokémon,0.7,59.1,Mold Breaker,Own Tempo,90,11.8,50,Fairy,0.0,"Fairy, Steel"
0959,Tinkaton,Hammer Pokémon,0.7,112.8,Mold Breaker,Own Tempo,45,5.9,50,Fairy,0.0,"Fairy, Steel"
0960,Wiglett,Garden Eel Pokémon,1.2,1.8,Gooey,Rattled,255,33.3,50,Water 3,50.0,Water
0961,Wugtrio,Garden Eel Pokémon,1.2,5.4,Gooey,Rattled,50,6.5,50,Water 3,50.0,Water
0962,Bombirdier,Item Drop Pokémon,1.5,42.9,Big Pecks,Keen Eye,25,3.3,50,Flying,50.0,"Flying, Dark"
0963,Finizen,Dolphin Pokémon,1.3,60.2,Water Veil,-,200,26.1,50,"Field, Water 2",50.0,Water
0964,Palafin,Dolphin Pokémon,1.3,60.2,Zero to Hero,-,45,5.9,50,"Field, Water 2",50.0,Water
0965,Varoom,Single-Cyl Pokémon,1.0,35.0,Overcoat,Slow Start,190,24.8,50,Mineral,50.0,"Steel, Poison"
0966,Revavroom,Multi-Cyl Pokémon,1.8,120.0,Overcoat,Filter,75,9.8,50,Mineral,50.0,"Steel, Poison"
0967,Cyclizar,Mount Pokémon,1.6,63.0,Shed Skin,Regenerator,190,24.8,50,Field,50.0,"Dragon, Normal"
0968,Orthworm,Earthworm Pokémon,2.5,310.0,Earth Eater,Sand Veil,25,3.3,50,Field,50.0,Steel
0969,Glimmet,Ore Pokémon,0.7,8.0,Toxic Debris,Corrosion,70,9.1,50,Mineral,50.0,"Rock, Poison"
0970,Glimmora,Ore Pokémon,1.5,45.0,Toxic Debris,Corrosion,25,3.3,50,Mineral,50.0,"Rock, Poison"
0971,Greavard,Ghost Dog Pokémon,0.6,35.0,Pickup,Fluffy,120,15.7,50,Field,50.0,Ghost
0972,Houndstone,Ghost Dog Pokémon,2.0,15.0,Sand Rush,Fluffy,60,7.8,50,Field,50.0,Ghost
0973,Flamigo,Synchronize Pokémon,1.6,37.0,Scrappy,Tangled Feet,100,13.1,50,Flying,50.0,"Flying, Fighting"
0974,Cetoddle,Terra Whale Pokémon,1.2,45.0,Thick Fat,Snow Cloak,150,19.6,50,Field,50.0,Ice
0975,Cetitan,Terra Whale Pokémon,4.5,700.0,Thick Fat,Slush Rush,50,6.5,50,Field,50.0,Ice
0976,Veluza,Jettison Pokémon,2.5,90.0,Mold Breaker,Sharpness,100,13.1,50,Water 2,50.0,"Water, Psychic"
0977,Dondozo,Big Catfish Pokémon,12.0,220.0,Unaware,Oblivious,25,3.3,50,Water 2,50.0,Water
0978,Tatsugiri,Mimicry Pokémon,0.3,8.0,Commander,Storm Drain,100,13.1,50,Water 2,50.0,"Dragon, Water"
0979,Annihilape,Rage Monkey Pokémon,1.2,56.0,Vital Spirit,Inner Focus,45,5.9,50,Field,50.0,"Fighting, Ghost"
0980,Clodsire,Spiny Fish Pokémon,1.8,223.0,Poison Point,Water Absorb,90,11.8,50,"Field, Water 1",50.0,"Poison, Ground"
0981,Farigiraf,Long Neck Pokémon,3.2,160.0,Cud Chew,Armor Tail,45,5.9,50,Field,50.0,"Normal, Psychic"
0982,Dudunsparce,Land Snake Pokémon,3.6,39.2,Serene Grace,Run Away,45,5.9,50,Field,50.0,Normal
0983,Kingambit,Big Blade Pokémon,2.0,120.0,Defiant,Supreme Overlord,25,3.3,50,Human-Like,50.0,"Dark, Steel"
0984,Great Tusk,Paradox Pokémon,2.2,320.0,Protosynthesis,-,30,3.9,0,Undiscovered,-,"Ground, Fighting"
0985,Scream Tail,Paradox Pokémon,1.2,8.0,Protosynthesis,-,50,6.5,0,Undiscovered,-,"Fairy, Psychic"
0986,Brute Bonnet,Paradox Pokémon,1.2,21.0,Protosynthesis,-,50,6.5,0,Undiscovered,-,"Grass, Dark"
0987,Flutter Mane,Paradox Pokémon,1.4,4.0,Protosynthesis,-,30,3.9,0,Undiscovered,-,"Ghost, Fairy"
0988,Slither Wing,Paradox Pokémon,3.2,92.0,Protosynthesis,-,30,3.9,0,Undiscovered,-,"Bug, Fighting"
0989,Sandy Shocks,Paradox Pokémon,2.3,60.0,Protosynthesis,-,30,3.9,0,Undiscovered,-,"Electric, Ground"
0990,Iron Treads,Paradox Pokémon,0.9,240.0,Quark Drive,-,30,3.9,0,Undiscovered,-,"Ground, Steel"
0991,Iron Bundle,Paradox Pokémon,0.6,11.0,Quark Drive,-,50,6.5,0,Undiscovered,-,"Ice, Water"
0992,Iron Hands,Paradox Pokémon,1.8,380.7,Quark Drive,-,50,6.5,0,Undiscovered,-,"Fighting, Electric"
0993,Iron Jugulis,Paradox Pokémon,1.3,111.0,Quark Drive,-,30,3.9,0,Undiscovered,-,"Dark, Flying"
0994,Iron Moth,Paradox Pokémon,1.2,36.0,Quark Drive,-,30,3.9,0,Undiscovered,-,"Fire, Poison"
0995,Iron Thorns,Paradox Pokémon,1.6,303.0,Quark Drive,-,30,3.9,0,Undiscovered,-,"Rock, Electric"
0996,Frigibax,Ice Fin Pokémon,0.5,17.0,Thermal Exchange,Ice Body,45,5.9,50,"Dragon, Mineral",50.0,"Dragon, Ice"
0997,Arctibax,Ice Fin Pokémon,0.8,30.0,Thermal Exchange,Ice Body,25,3.3,50,"Dragon, Mineral",50.0,"Dragon, Ice"
0998,Baxcalibur,Ice Dragon Pokémon,2.1,210.0,Thermal Exchange,Ice Body,10,1.3,50,"Dragon, Mineral",50.0,"Dragon, Ice"
0999,Gimmighoul,Coin Chest Pokémon,0.3,5.0,Rattled,-,45,5.9,50,Undiscovered,-,Ghost
